adventurer_id,cluster,age,gender,region,total_views,total_seconds,avg_completion,unique_publishers,total_subscriptions
ymv1,1,21,M,Puddington,21,4129.0,0.4339604137507198,7,10
czpp,4,18,F,Jamshire,10,1731.0,0.4157337064592538,5,5
qcsi,4,12,M,Puddington,15,2755.0,0.39470346139174245,5,8
zo12,4,14,F,Puddington,11,1857.0,0.37679328909144333,7,8
9rvq,1,11,M,Puddington,13,2906.0,0.558350194121127,2,2
jxhz,4,12,F,Greycliffs,12,2131.0,0.42322856365633127,5,5
cqqi,4,20,F,Greycliffs,13,2341.0,0.4009757109969558,7,8
5hkk,6,52,M,Shield Barrow,23,5201.0,0.5550638884193024,4,5
k5zw,6,67,F,Duelburg,19,6161.0,0.7479589975016185,5,6
cacl,4,20,F,Jamshire,25,4059.0,0.39300228380987307,7,9
gzxf,6,34,F,Shield Barrow,23,4993.0,0.5783365552020122,5,5
64mi,6,49,M,Narathil,24,7028.0,0.6944645909879529,4,5
anea,4,17,M,Sugarbrook,23,4124.0,0.448123701624414,6,8
3uk9,4,14,M,Jamshire,13,2123.0,0.3584113378758078,5,7
fgwx,4,22,F,Jamshire,22,4858.0,0.5495226564295491,4,5
57op,4,23,F,Greycliffs,22,5027.0,0.5529336221597995,5,5
vlvc,4,16,F,Puddington,20,4878.0,0.5950939946596986,5,5
99d4,4,19,F,Sugarbrook,12,3666.0,0.6992023314548524,5,5
cgut,6,77,M,Narathil,23,5113.0,0.646025312552749,4,5
s2or,3,15,M,Jamshire,11,2888.0,0.6022006008383524,5,6
z4m5,6,25,M,Duelburg,10,1611.0,0.39901637166671416,3,3
pqy5,4,27,M,Sugarbrook,14,2749.0,0.46273498782083156,4,6
na2h,1,13,F,Puddington,11,1492.0,0.36422398243567405,3,3
8ak8,4,23,F,Puddington,13,3193.0,0.5520204780609163,4,4
m2lq,4,24,M,Puddington,14,3283.0,0.5694186048412047,5,7
2gml,4,17,F,Greycliffs,17,4051.0,0.5781444738006812,5,6
h887,4,27,F,Jamshire,13,3068.0,0.5857781436248365,7,10
wla3,4,16,F,Puddington,21,6026.0,0.6820118052726221,5,5
eof4,4,27,F,Puddington,27,7960.0,0.7075732005576221,5,6
ntpd,4,17,M,Greycliffs,15,2649.0,0.433035342642866,5,6
x9vw,1,13,M,Greycliffs,14,3407.0,0.6319027851617516,2,2
8mvw,4,15,F,Gelatina Grove,15,3965.0,0.5980798679953573,3,7
cs9j,1,25,F,Puddington,17,4161.0,0.6895054146474064,7,9
q7oa,4,20,M,Muckminster,20,5617.0,0.7203061893266837,3,5
9zl8,4,23,F,Sugarbrook,20,4563.0,0.597066656950487,4,4
o1e1,4,24,F,Jamshire,27,6053.0,0.5731959472565529,7,10
229b,4,21,M,Jamshire,11,2713.0,0.5730977931868455,5,5
c7hg,6,19,F,Shield Barrow,11,2554.0,0.5474025849346805,5,7
zh7x,1,17,M,Jamshire,15,2814.0,0.4624874216034502,2,2
kohq,4,12,M,Puddington,23,6213.0,0.650019568467194,6,6
2nxf,4,20,M,Puddington,41,11433.0,0.7459766515807803,8,13
8tak,4,16,M,Boggy Bottom,10,1960.0,0.4580554424732234,3,4
azpf,4,27,F,Greycliffs,12,2609.0,0.5533282453554998,4,8
gz8k,3,32,M,Greycliffs,26,6921.0,0.6856494920042598,5,9
u9vk,4,13,M,Sugarbrook,15,3292.0,0.4867052097238714,6,8
u3yc,4,20,F,Jamshire,27,7303.0,0.6916608396903617,4,4
pu7k,4,27,M,Puddington,17,4976.0,0.6693988010946464,4,4
y2ag,4,23,F,Puddington,17,4071.0,0.6007877553737957,6,7
a5ft,2,13,M,Knitwick,12,2918.0,0.546432024030457,4,6
4g1y,4,16,M,Greycliffs,25,5068.0,0.49504972340742043,6,6
mufm,2,18,F,Gnome's Rest,26,6754.0,0.6235556658814547,4,7
ru1u,2,16,F,Threadbare,13,3893.0,0.6412910088232265,4,7
zts9,4,18,M,Jamshire,25,6661.0,0.6162136826706057,5,7
61a8,2,12,F,Gnome's Rest,14,3075.0,0.495326298134176,4,6
p3wh,4,17,M,Puddington,18,4181.0,0.5805843302238587,3,3
utgz,3,24,F,Greycliffs,32,6842.0,0.5299458543861896,7,8
hj7h,2,18,M,Knitwick,10,1937.0,0.4170289458764784,2,2
x49q,4,18,M,Puddington,29,8503.0,0.6987955041033425,6,7
3xwu,4,19,M,Greycliffs,30,7606.0,0.6328864347949278,3,3
tkh1,4,16,M,Greycliffs,18,4653.0,0.6032200445442771,4,5
7sz4,2,12,F,Threadbare,10,2243.0,0.5804006888849755,2,2
wao5,4,23,M,Greycliffs,21,5430.0,0.6017461000784609,5,7
9i8a,2,13,NB,Knitwick,27,5088.0,0.4894097708150176,4,6
2g1k,2,14,M,Knitwick,12,2288.0,0.47368943310999995,2,2
qnep,2,12,M,Knitwick,15,3049.0,0.5172843255420109,4,5
4jyu,4,23,M,Puddington,11,2446.0,0.5200753299367958,3,3
in9q,4,17,M,Greycliffs,25,5536.0,0.5451884467627416,6,8
xj8h,4,24,F,Sugarbrook,23,4257.0,0.46466464902816634,5,9
yxx4,2,15,M,Knitwick,13,2796.0,0.45878721995685573,4,7
xijh,4,22,F,Puddington,30,7391.0,0.5968550942992752,7,12
u9ep,2,18,M,Threadbare,11,2749.0,0.5461557821062256,4,4
d77t,4,23,M,Jamshire,28,6546.0,0.6035934799378301,7,8
zi11,3,19,M,Greycliffs,30,9004.0,0.7133526269824021,7,9
vrsr,2,14,F,Gnome's Rest,13,2862.0,0.5453845384775341,3,3
4886,2,11,F,Gnome's Rest,20,4186.0,0.494111686032576,4,9
galb,2,21,F,Knitwick,20,4216.0,0.4958732403099912,2,4
m7ke,2,17,NB,Gnome's Rest,15,2993.0,0.47953824170495074,4,5
uxcw,4,19,F,Sugarbrook,25,5566.0,0.5439418663518145,5,8
akha,1,29,M,Greycliffs,11,2173.0,0.5296783660027866,2,2
hjnd,2,11,M,Gnome's Rest,27,5250.0,0.4644564140046609,4,6
nz8b,3,15,M,Sugarbrook,22,5958.0,0.6757143867861042,6,11
mqni,4,18,M,Sugarbrook,19,2815.0,0.35877722342536766,7,8
a4pk,4,24,F,Greycliffs,15,2415.0,0.3882571379360949,6,10
z7sk,4,28,M,Puddington,13,2814.0,0.5234319960418392,6,8
d6cy,4,52,F,Boggy Bottom,15,4560.0,0.733423303886396,3,7
cfmz,2,18,M,Knitwick,17,4766.0,0.6962860124008137,4,6
qrdr,4,18,M,Sugarbrook,10,2493.0,0.5908530231201655,5,6
5h85,4,25,M,Jamshire,13,3073.0,0.5327669214191257,4,4
34e1,4,11,M,Jamshire,13,2784.0,0.5193322012242926,5,5
9gga,2,15,F,Threadbare,16,4397.0,0.654468321663887,4,7
gubu,4,21,F,Sugarbrook,29,5963.0,0.5132089470273639,8,13
ufgj,4,32,NB,Jamshire,13,3896.0,0.7714814735316394,5,6
kx3u,4,28,NB,Sugarbrook,19,3952.0,0.5123879727836759,9,18
awgo,2,22,M,Gnome's Rest,17,4286.0,0.6365727270600826,4,4
hdk5,4,25,M,Sugarbrook,25,6208.0,0.6112544583910315,8,13
6oy8,2,16,F,Gnome's Rest,13,2588.0,0.46083845528498724,4,6
3kac,2,21,M,Gnome's Rest,15,3559.0,0.5658300335671463,4,7
2c1h,4,21,F,Jamshire,24,6841.0,0.7139629511157354,3,4
arr6,4,11,F,Greycliffs,18,3774.0,0.5420409173351249,4,5
poby,2,17,M,Gnome's Rest,25,6142.0,0.6039279066676784,4,6
qils,4,19,F,Puddington,13,2688.0,0.5319281330158396,2,2
x1ud,4,17,M,Muckminster,19,5525.0,0.6935033120973292,3,5
uzl6,2,17,M,Gnome's Rest,10,2610.0,0.5768072349948464,1,1
f4he,4,27,M,Sugarbrook,20,4687.0,0.6232860147382737,7,10
85a4,2,21,F,Threadbare,12,3015.0,0.6258370190182022,3,3
alcb,3,15,M,Gelatina Grove,12,2776.0,0.5456761957091114,3,7
5h6p,4,16,M,Puddington,15,3809.0,0.6229401773113179,4,5
42t3,2,17,M,Knitwick,14,3510.0,0.5873935873521787,4,5
pol5,4,23,F,Sugarbrook,12,2727.0,0.585314526283403,5,6
cjaa,4,15,F,Sugarbrook,13,3335.0,0.6112596766439093,6,8
6536,4,24,M,Jamshire,25,5083.0,0.4972685872566499,8,13
4x9f,6,22,F,Shield Barrow,16,3109.0,0.4583038616909013,5,6
vhks,2,12,F,Gnome's Rest,13,2872.0,0.5088072122843312,4,6
sb34,4,16,F,Muckminster,15,2905.0,0.4960892399359684,3,3
r3ag,2,18,M,Gnome's Rest,33,7810.0,0.5631944879712275,4,6
c1ld,4,30,M,Boggy Bottom,14,3408.0,0.577206162360869,3,5
rizu,4,14,M,Puddington,30,8008.0,0.7111545509558516,8,10
d8p6,6,11,F,Narathil,20,4848.0,0.6404387750211608,3,3
d6xm,3,31,F,Jamshire,20,4839.0,0.6117688591070978,7,8
v6id,3,26,F,Puddington,23,6249.0,0.6967320197094715,4,7
q19z,4,17,M,Sugarbrook,10,1647.0,0.372610662230745,3,5
bo7b,6,76,M,Duelburg,14,2977.0,0.5357297655495069,4,5
xaug,6,39,F,Duelburg,16,3203.0,0.5160046876081797,4,5
j4tp,4,20,M,Greycliffs,17,2740.0,0.4244411247260227,5,6
n6bt,6,85,F,Shield Barrow,33,7793.0,0.6196355086384918,3,4
nku3,4,28,F,Puddington,18,4199.0,0.589581232672616,5,10
4lkt,6,47,F,Shield Barrow,10,2168.0,0.5450234345718121,1,1
fzdt,4,16,M,Jamshire,26,5725.0,0.5451859909182782,8,10
rsid,6,114,M,Narathil,11,3050.0,0.6301402730554538,2,2
utmf,6,92,M,Shield Barrow,19,4942.0,0.7389434001968241,3,3
xt2e,4,23,M,Puddington,18,4884.0,0.6730367384954143,4,4
6kvt,4,22,M,Puddington,12,1472.0,0.3029487122846442,8,10
l221,2,14,NB,Knitwick,22,5026.0,0.6006836443952582,4,6
jzpq,4,13,F,Jamshire,17,3372.0,0.4958209139881233,6,10
3eh6,6,72,F,Narathil,20,4499.0,0.5533928238793597,4,4
45bo,6,110,F,Duelburg,15,4014.0,0.6893094204705486,4,4
5nsu,4,14,F,Greycliffs,12,2033.0,0.4121275879763358,4,5
1rq1,4,28,M,Puddington,13,2016.0,0.36353389361185945,9,15
xmjc,4,22,F,Greycliffs,20,4678.0,0.5961518585852823,5,6
6tpy,6,53,F,Duelburg,16,3242.0,0.543961814499354,2,3
uahg,4,17,F,Greycliffs,19,4326.0,0.5704495393732751,5,7
zxmq,4,19,M,Jamshire,19,4699.0,0.5757550815273603,6,8
6vtb,6,77,M,Duelburg,18,4641.0,0.6707096911091407,4,4
3ei2,2,12,F,Threadbare,13,2855.0,0.5072219178671886,4,6
wlvw,4,32,M,Greycliffs,11,2654.0,0.551621557528304,6,8
khgh,6,11,F,Narathil,15,4453.0,0.7401538775915493,4,4
ih4u,6,11,M,Shield Barrow,16,4785.0,0.8151387522915816,5,6
udy7,4,23,M,Jamshire,21,4999.0,0.6121854422701691,5,5
h33x,2,13,F,Threadbare,24,5054.0,0.5300963835219502,4,7
rjm9,6,82,M,Duelburg,21,4637.0,0.5773869587032537,5,6
yozg,4,13,F,Jamshire,16,3858.0,0.5731629848051447,6,8
e43j,4,24,M,Greycliffs,15,2904.0,0.45953862921468297,9,11
35pe,6,46,F,Duelburg,11,2842.0,0.6956856613052096,2,2
dgi2,4,17,F,Jamshire,20,4772.0,0.5594737839933475,6,6
95nt,4,22,M,Muckminster,11,2476.0,0.5239351712274614,3,5
8yow,0,11,M,Soggy Hollow,17,4053.0,0.6250976216767755,6,7
bwyc,6,56,F,Narathil,12,2989.0,0.6146287084736136,4,4
ho3u,0,10,M,Toadstool Marshes,11,3014.0,0.7062311178631514,7,7
sf5u,6,19,F,Duelburg,18,3708.0,0.5600640232892514,2,2
hsmp,6,10,M,Narathil,17,5322.0,0.7384920310826845,5,7
vwi5,1,14,M,Greycliffs,10,2167.0,0.5477540073153264,1,1
6bjy,2,14,F,Gnome's Rest,20,4290.0,0.4975412966478652,4,5
ri7h,0,10,M,Soggy Hollow,10,2658.0,0.6578058984121105,4,4
qe78,2,14,M,Knitwick,14,3193.0,0.5236955341659064,3,3
gyq3,2,12,M,Gnome's Rest,14,2691.0,0.4636676592888463,3,5
we47,4,40,M,Gelatina Grove,24,4622.0,0.5205081695323849,3,7
1ckj,6,12,M,Duelburg,21,5417.0,0.6995194410179559,4,4
acj3,2,12,F,Gnome's Rest,14,2267.0,0.40939986864196204,4,5
sotc,0,10,F,Dripwater Delta,12,3088.0,0.6540385579457302,4,4
c6nv,4,26,F,Puddington,14,3260.0,0.5436191835281778,6,9
83hw,6,11,M,Shield Barrow,12,3872.0,0.7870741882678352,3,3
i8s8,1,11,M,Jamshire,10,1967.0,0.497298313895013,2,2
7q6z,6,61,M,Shield Barrow,17,3233.0,0.5505320110347706,2,2
qkgz,6,60,F,Duelburg,20,4435.0,0.626232899180417,4,4
h5vx,0,10,M,Soggy Hollow,12,2475.0,0.536975242062558,4,4
1f2f,6,58,F,Duelburg,15,2650.0,0.40872936249918074,4,4
8a6o,6,64,F,Duelburg,14,3096.0,0.6010750357427906,4,4
gln5,0,10,F,Slurpington,20,5237.0,0.6804007904800324,3,3
p9tl,2,13,F,Gnome's Rest,11,1711.0,0.4058058944922582,4,5
qy97,2,17,F,Knitwick,22,4555.0,0.5119772958039972,4,7
e6ws,4,28,F,Jamshire,25,6471.0,0.6232210397515231,7,8
kqpf,0,11,M,Toadstool Marshes,16,4225.0,0.6684077931810469,5,5
kmwd,6,63,F,Shield Barrow,14,3008.0,0.5244363010327865,5,5
qxxp,2,12,M,Knitwick,14,2437.0,0.38505549879156936,4,4
px88,4,22,F,Puddington,16,3671.0,0.5538540520540158,4,6
gcg7,0,11,M,Soggy Hollow,12,2965.0,0.597616269500126,6,6
wecz,0,10,M,Toadstool Marshes,13,3157.0,0.6857191056106638,6,6
ldfi,3,21,M,Greycliffs,32,9054.0,0.7359544196475685,9,14
fgon,2,14,M,Threadbare,13,2323.0,0.4360663537053304,4,8
r2j9,6,61,F,Shield Barrow,11,2147.0,0.5634252959747282,1,1
mzms,0,11,M,Slurpington,13,2820.0,0.5630899432591857,2,2
y1jk,4,18,M,Puddington,20,3045.0,0.3644207781541194,8,12
kfh1,6,65,F,Duelburg,23,5401.0,0.6246720574161176,4,4
n11i,4,23,M,Muckminster,24,6389.0,0.6742114596739447,3,6
15m1,4,19,M,Greycliffs,20,3451.0,0.41311529677718095,3,4
5v23,6,22,M,Shield Barrow,16,3452.0,0.4754638402675266,4,5
tb4k,2,12,F,Threadbare,12,2641.0,0.5189325363749798,4,8
3yba,4,22,F,Gelatina Grove,19,5441.0,0.6900218257322889,3,6
ed9n,6,74,M,Shield Barrow,14,3300.0,0.5711221975799342,1,1
1zxh,4,27,M,Puddington,15,3994.0,0.7181950335437339,2,2
uiiy,0,11,M,Slurpington,16,4426.0,0.7523987312589978,5,5
k8aq,4,37,M,Gelatina Grove,14,3941.0,0.6864824238319666,3,5
abgk,4,14,M,Sugarbrook,22,4497.0,0.4805001005231105,6,9
fzq1,0,41,F,Toadstool Marshes,15,2957.0,0.5202012263651627,7,7
fu8w,6,21,F,Narathil,12,2558.0,0.4868458349369856,2,2
tm4s,4,19,M,Boggy Bottom,12,2415.0,0.47724866705053154,3,6
doyy,0,11,F,Soggy Hollow,12,2535.0,0.5264539226146087,5,5
wty5,2,11,F,Knitwick,20,3548.0,0.43349855203863374,3,4
rcvn,0,11,F,Toadstool Marshes,13,2717.0,0.508897245589231,3,3
6nuo,6,126,M,Duelburg,20,4795.0,0.6450909279295566,4,6
5odi,0,11,F,Soggy Hollow,15,3899.0,0.7010083287265165,2,3
y1aw,4,19,M,Jamshire,24,5021.0,0.5281850592638887,6,8
lu1r,6,41,M,Narathil,21,5030.0,0.6247722641916917,3,3
8v7d,4,24,M,Sugarbrook,17,3044.0,0.5126373983057484,4,5
7rwr,2,13,F,Threadbare,32,7231.0,0.5664844995136298,4,7
ps6m,0,12,M,Dripwater Delta,10,2033.0,0.5423034689491155,3,3
341n,6,118,F,Duelburg,18,3662.0,0.5730136208613607,5,5
l8hp,2,13,M,Knitwick,18,2536.0,0.3198689655225973,4,5
avzd,0,11,M,Slurpington,15,4286.0,0.8184591547333339,6,6
kqj7,6,55,F,Duelburg,14,3679.0,0.670842184593358,2,2
vgj2,2,11,F,Knitwick,13,3271.0,0.5855283971647867,4,6
yf2j,6,10,F,Duelburg,13,3306.0,0.6171349953964178,3,3
4jvf,3,28,F,Jamshire,14,3210.0,0.6042836748124465,6,7
f92r,4,11,M,Sugarbrook,16,2887.0,0.46045830910278274,5,7
aqct,4,12,F,Muckminster,23,5869.0,0.5997776643723932,3,7
yl33,0,10,F,Dripwater Delta,11,2860.0,0.7067370072483361,2,2
oyzj,6,80,F,Duelburg,12,3457.0,0.7662213898563027,4,5
l12d,0,10,M,Dripwater Delta,20,5274.0,0.6901760866990216,8,8
4jyy,0,11,NB,Soggy Hollow,20,6454.0,0.8605486205596877,4,4
opxu,4,33,M,Puddington,20,4055.0,0.5255821239782363,4,4
dwol,4,17,M,Greycliffs,16,2438.0,0.36936673582197965,3,4
4bbq,4,16,F,Boggy Bottom,13,2323.0,0.4157762293029307,3,6
zt23,4,37,F,Muckminster,12,2591.0,0.5877468956292949,3,4
6pe7,4,18,F,Jamshire,10,2639.0,0.6373847017417036,4,4
t9gd,4,10,M,Narathil,10,2992.0,0.646078180188143,3,5
3naj,5,22,F,Soggy Hollow,12,2178.0,0.5203449557749852,3,3
q4iz,3,16,F,Jamshire,26,6823.0,0.6463234261141273,7,11
lgog,4,12,M,Duelburg,10,3249.0,0.7919350527948007,2,2
14r8,2,12,F,Threadbare,16,3171.0,0.45780401774093993,4,6
rz2q,2,16,M,Threadbare,15,2610.0,0.4458513977513994,3,6
qc5s,2,19,M,Threadbare,17,2555.0,0.36009354132220145,4,7
q33t,4,22,M,Jamshire,16,4044.0,0.6699071722972053,6,7
q5of,4,57,M,Shield Barrow,10,1389.0,0.3191234153208363,4,4
9r1h,6,55,M,Narathil,10,2076.0,0.5032148633285435,4,5
urj5,1,14,M,Jamshire,13,1828.0,0.3985831439502273,4,6
zfax,4,14,F,Gelatina Grove,11,2678.0,0.6529896417905491,3,5
kwey,4,20,M,Puddington,25,7776.0,0.7817945656839028,8,10
wj4c,0,11,F,Toadstool Marshes,11,2788.0,0.6373839918505283,4,4
j21z,3,27,M,Jamshire,18,5317.0,0.7999556518016141,4,4
clmr,4,21,M,Sugarbrook,19,4028.0,0.5567000402220413,6,10
wiw4,4,40,F,Greycliffs,20,4553.0,0.6243708050383937,7,11
j6z6,0,12,F,Toadstool Marshes,14,4280.0,0.8255541549641657,3,3
8vs8,6,99,F,Duelburg,21,4628.0,0.5346635837188619,3,4
5v3x,4,22,F,Greycliffs,13,3602.0,0.6616581557557484,4,6
832q,4,21,F,Puddington,16,3939.0,0.6111379511529913,7,7
29ao,4,16,F,Jamshire,17,3839.0,0.5471019471162378,6,7
ih3j,4,33,M,Sugarbrook,43,8856.0,0.5234762904988908,8,16
yjen,2,21,F,Gnome's Rest,11,2490.0,0.5615753570528447,4,7
opod,4,32,F,Jamshire,13,3449.0,0.6738422400486554,7,10
12ts,0,10,F,Toadstool Marshes,15,4093.0,0.7478415597402568,4,4
m6vd,0,11,M,Toadstool Marshes,15,4363.0,0.7513720316806822,7,7
yuk3,0,11,F,Soggy Hollow,15,3612.0,0.6289742882566657,5,5
lnjo,3,28,M,Jamshire,13,2425.0,0.5129947242025206,5,9
fn37,4,14,M,Puddington,11,2565.0,0.5715336779372326,5,7
2vv6,4,26,F,Sugarbrook,21,5744.0,0.7386331347270814,5,7
uwyx,4,21,F,Sugarbrook,17,3127.0,0.4858319602112123,7,8
tu7a,4,33,F,Sugarbrook,13,2506.0,0.45439909621794805,7,9
8kvv,0,55,F,Soggy Hollow,19,4213.0,0.5730165055034923,5,5
fqtp,4,17,M,Greycliffs,10,2371.0,0.6729670737336626,1,1
i2qp,5,99,F,Toadstool Marshes,16,3162.0,0.5770065589736165,5,5
ma91,3,21,F,Sugarbrook,11,2255.0,0.5237811372145883,5,5
d2ts,0,11,F,Dripwater Delta,11,3524.0,0.7819766568895058,3,3
ygu4,4,30,F,Sugarbrook,19,4531.0,0.6933953533820408,5,8
xv8p,5,12,F,Dripwater Delta,13,3340.0,0.6523478260896791,3,3
zxw6,2,19,M,Gnome's Rest,11,2561.0,0.6037904210175199,3,3
7k2w,2,10,F,Knitwick,13,1787.0,0.3064533845005756,4,5
435a,4,25,F,Puddington,25,5328.0,0.5715450543442789,5,6
99ge,4,31,F,Jamshire,19,4075.0,0.5578236482750296,7,9
y44m,4,23,M,Sugarbrook,11,2386.0,0.6132045286342032,7,9
m94m,4,19,F,Sugarbrook,14,2549.0,0.4625719325785483,5,7
d5qp,4,32,M,Greycliffs,16,3137.0,0.48868977671263825,8,10
xx81,4,12,F,Sugarbrook,23,4412.0,0.46610358546240704,5,6
jtq2,6,11,M,Shield Barrow,13,3678.0,0.7521807725554286,2,2
q8bf,4,21,F,Boggy Bottom,16,3475.0,0.5136911360167443,2,2
hn6b,0,25,F,Slurpington,11,2526.0,0.6411703934468842,4,4
amx4,4,17,F,Puddington,18,4794.0,0.715582450870985,7,11
fr2d,4,27,M,Jamshire,13,2580.0,0.5037671620024886,5,6
f9qm,4,22,M,Sugarbrook,11,1198.0,0.3073259616764428,6,7
9367,4,35,F,Puddington,13,2863.0,0.5754701499293374,3,3
y4ie,0,25,F,Toadstool Marshes,10,2989.0,0.7832993516363314,3,3
jf2i,4,18,F,Greycliffs,13,1934.0,0.31322601037044867,3,4
463n,0,12,M,Toadstool Marshes,14,3669.0,0.7000763964869133,6,6
fil8,0,11,M,Soggy Hollow,14,3513.0,0.662742478158569,2,2
mcmh,2,18,M,Threadbare,23,5073.0,0.5349489646493117,4,6
d6d5,0,10,M,Dripwater Delta,15,4657.0,0.8128356839160156,5,5
23lf,4,31,M,Muckminster,12,2595.0,0.5212420827548669,3,6
6dnb,0,103,M,Dripwater Delta,19,4893.0,0.6564941853182685,3,3
n5qw,0,11,M,Slurpington,15,3085.0,0.5976187231492711,6,7
mztj,0,12,M,Toadstool Marshes,11,1989.0,0.4557115142531217,3,3
64bi,1,17,F,Greycliffs,51,12341.0,0.6151246394585402,9,15
e6nd,0,13,M,Toadstool Marshes,12,3022.0,0.6882589606095513,3,3
vvvk,4,49,M,Greycliffs,12,2376.0,0.5041851089136138,6,9
xgz9,0,12,M,Toadstool Marshes,16,5258.0,0.8728271193613021,6,6
sn3a,6,51,F,Shield Barrow,24,4164.0,0.43003053965628135,5,7
765i,0,12,M,Soggy Hollow,11,2982.0,0.7198835075232716,6,7
4uds,5,12,F,Toadstool Marshes,22,6438.0,0.8286394239672613,8,8
6mrk,1,28,M,Sugarbrook,19,4373.0,0.6373422872456153,6,6
s2pc,6,28,M,Duelburg,18,2786.0,0.3696917808708555,4,6
vtju,0,12,F,Dripwater Delta,19,5074.0,0.6775449686759364,8,9
k81u,2,17,M,Gnome's Rest,17,3611.0,0.5215822456099981,4,6
opnm,4,22,M,Sugarbrook,13,2480.0,0.48813160289511826,5,7
t92i,4,16,F,Puddington,24,5745.0,0.6331233191075085,7,10
2jhh,2,21,F,Threadbare,11,2822.0,0.6002233846730015,3,4
v2pv,2,19,M,Knitwick,12,1828.0,0.3707625682194144,4,4
2zgq,4,16,M,Jamshire,10,1678.0,0.4647654829077842,5,7
bdvt,0,13,F,Soggy Hollow,11,2513.0,0.586669447866936,6,6
bx9l,0,12,F,Toadstool Marshes,12,2399.0,0.6063631695864397,4,4
twzz,3,17,M,Puddington,25,6733.0,0.6954267842851922,4,7
og6b,4,18,F,Sugarbrook,18,2896.0,0.38350038054269775,9,12
13bd,4,30,F,Jamshire,10,2798.0,0.7374282002942216,4,5
vip4,2,13,M,Threadbare,22,4034.0,0.4513230226107016,4,9
ewzo,4,19,F,Jamshire,22,4675.0,0.5502355376750542,7,9
hl6g,0,12,M,Toadstool Marshes,12,2477.0,0.532655200779946,3,3
ifz3,4,10,M,Puddington,16,3482.0,0.5332514188659357,2,2
tdwu,4,18,F,Puddington,11,2441.0,0.585328643429884,3,3
t1ri,4,26,M,Jamshire,17,3657.0,0.5533771897066706,6,7
tegt,0,13,F,Dripwater Delta,18,5432.0,0.8306538677651628,6,6
grpy,0,12,M,Toadstool Marshes,16,4601.0,0.813833964820886,6,6
epo6,0,11,M,Toadstool Marshes,10,2219.0,0.6396936884849131,3,3
p8xb,2,11,F,Threadbare,22,3881.0,0.42839022686420863,4,7
ga6a,4,13,F,Sugarbrook,12,1907.0,0.38358391604700753,9,9
nv5f,0,11,M,Soggy Hollow,12,3159.0,0.6650469258102168,3,3
hc9r,6,39,F,Narathil,15,2793.0,0.4425580452755106,4,5
z3fm,4,37,M,Muckminster,21,4493.0,0.5159093301282294,3,5
hbbn,4,34,F,Sugarbrook,10,2230.0,0.61676114974563,6,7
xd5z,0,11,M,Toadstool Marshes,17,3889.0,0.5927830699619179,4,4
ynhr,6,82,M,Narathil,15,3270.0,0.5833387435330428,4,4
rbsm,3,22,M,Jamshire,15,3112.0,0.5452259182164583,4,5
7y66,4,15,F,Puddington,20,4765.0,0.5786206696258368,7,9
clyl,0,27,M,Slurpington,19,4463.0,0.5948632559312678,3,3
r5wx,0,10,F,Slurpington,12,2637.0,0.5554766532838626,8,8
px3x,3,26,M,Jamshire,19,5424.0,0.7632751906785642,6,10
ronp,0,13,F,Toadstool Marshes,14,2621.0,0.4719492178800868,4,4
zylp,4,19,M,Sugarbrook,24,5977.0,0.5949455712227222,7,9
wq6i,1,33,F,Jamshire,15,4322.0,0.7513662787971123,1,1
eaey,2,12,F,Gnome's Rest,12,1404.0,0.2865285558553892,4,5
quu6,6,17,M,Narathil,12,1863.0,0.3578378152930321,3,4
amqw,0,11,F,Slurpington,16,3060.0,0.502291886584221,5,5
mpmn,6,112,F,Narathil,16,3279.0,0.5238379705256457,3,3
wsdn,3,25,F,Jamshire,21,4774.0,0.5987189048850968,5,6
nofe,4,19,F,Puddington,13,2409.0,0.4687251692149469,9,15
r594,4,22,M,Jamshire,20,2853.0,0.325428384295109,7,8
2cen,4,24,F,Jamshire,14,2764.0,0.5098323240623047,2,3
mqmm,4,28,M,Jamshire,16,3363.0,0.5478216863522841,4,4
x27n,6,44,F,Narathil,14,3020.0,0.6099990275697522,3,3
5tda,4,13,M,Puddington,17,3532.0,0.5569474129195655,5,9
ldly,4,30,F,Jamshire,18,3791.0,0.5531897370776936,8,11
izmb,4,23,M,Sugarbrook,26,5369.0,0.5602624470478701,6,7
f7mm,4,27,M,Jamshire,14,2340.0,0.4449612786128361,5,8
eb4u,4,18,M,Jamshire,28,5942.0,0.516285936038433,8,12
d5x8,4,24,M,Greycliffs,13,2556.0,0.5215863826590336,5,5
5xci,4,26,M,Greycliffs,10,2299.0,0.6164833445399885,5,6
kim1,4,14,NB,Sugarbrook,15,2609.0,0.4453494554066418,5,7
b8js,0,12,F,Toadstool Marshes,11,3208.0,0.8168649578397471,7,7
w3yy,2,11,M,Knitwick,15,2950.0,0.48775827248929027,4,6
sc92,0,10,F,Slurpington,13,3067.0,0.6423051314053946,4,6
owb9,5,11,M,Slurpington,12,2531.0,0.5606448234718228,6,7
h7tw,6,36,F,Narathil,13,2106.0,0.4404725069172851,3,3
5pnp,4,16,M,Jamshire,16,3230.0,0.46708925917972893,5,5
l7ag,0,49,F,Toadstool Marshes,13,2942.0,0.5862611210731983,3,3
guyc,4,19,F,Jamshire,17,3466.0,0.518722054783541,8,11
iq5f,4,33,F,Jamshire,14,2680.0,0.5119456603476682,8,11
8nt6,4,34,NB,Sugarbrook,13,2387.0,0.4937757154369147,5,6
fvce,4,32,M,Gelatina Grove,17,3064.0,0.49263282729339947,3,7
79n1,4,29,M,Jamshire,15,2674.0,0.4903088192834307,5,9
m2mr,4,25,M,Sugarbrook,12,1683.0,0.3378795807505475,6,9
imgt,4,12,NB,Jamshire,15,3017.0,0.5119232784397911,7,10
bx15,0,11,M,Toadstool Marshes,11,2505.0,0.6286861688219287,4,4
3lrx,0,10,F,Dripwater Delta,13,3012.0,0.5888725663095766,7,7
tjee,4,14,M,Sugarbrook,21,3422.0,0.40332998078087823,5,7
cecb,0,10,F,Slurpington,14,3368.0,0.5836138685112137,5,5
4twn,0,11,M,Toadstool Marshes,14,3221.0,0.6275636710407551,3,3
v8a9,4,31,M,Sugarbrook,19,4400.0,0.5426387776622237,5,6
r9nw,4,33,M,Greycliffs,14,3562.0,0.6961614499326082,4,4
i9ci,0,12,M,Slurpington,10,2265.0,0.5952057584857446,3,3
pc9u,4,29,M,Sugarbrook,18,3105.0,0.4177426886868398,6,7
h6cp,4,20,M,Puddington,26,4968.0,0.46875177708990556,8,10
peav,4,13,M,Puddington,11,2155.0,0.44113922757837787,6,7
yh6f,4,20,F,Jamshire,26,6846.0,0.7190299297429497,7,12
pz69,4,15,F,Greycliffs,19,3963.0,0.502755152708438,4,6
vrsf,4,23,F,Sugarbrook,18,3359.0,0.48423109729867786,5,7
3wyl,0,10,M,Dripwater Delta,13,3220.0,0.5815831052162768,6,6
g6is,0,13,F,Slurpington,13,2591.0,0.5152440837720823,6,6
74gz,4,12,M,Puddington,14,2675.0,0.4838685602854517,6,6
6hot,0,11,F,Soggy Hollow,10,2034.0,0.510392552290677,5,6
4hn3,0,10,F,Soggy Hollow,14,3286.0,0.6419837559686952,6,6
477m,0,12,M,Slurpington,13,2628.0,0.5162547853557101,5,5
3zg2,2,13,M,Gnome's Rest,16,3125.0,0.4710761219287445,2,2
jdnu,0,10,F,Dripwater Delta,11,2773.0,0.7193089971499549,3,3
badb,3,16,M,Greycliffs,12,2990.0,0.59912266818282,5,5
akmh,0,11,M,Soggy Hollow,16,4238.0,0.7333304213083031,8,9
jq9k,6,71,F,Narathil,20,3844.0,0.5719352182961115,2,2
oylg,1,53,F,Greycliffs,13,2923.0,0.5832820160467682,7,9
ueo6,0,10,M,Dripwater Delta,14,2554.0,0.4449579099597612,6,7
mdpc,0,12,F,Dripwater Delta,12,3331.0,0.7490782785259579,5,5
oa7u,0,12,M,Toadstool Marshes,13,3372.0,0.7150304146016377,2,2
avu7,4,32,F,Puddington,12,3026.0,0.6331624363651401,5,6
v1oq,4,13,NB,Sugarbrook,18,3332.0,0.5037772280583235,6,6
b84c,0,15,NB,Slurpington,13,3577.0,0.7392189263790809,5,5
96au,4,28,F,Puddington,20,4394.0,0.5247068227822095,8,12
tkta,2,18,M,Threadbare,11,1824.0,0.37646015979128167,4,5
tdfc,0,18,M,Soggy Hollow,14,3306.0,0.6559704389442772,5,5
gao5,4,29,F,Greycliffs,13,3855.0,0.7993898757011274,4,4
7f7g,0,11,M,Dripwater Delta,11,2687.0,0.6954658228385914,4,4
n3qk,0,36,M,Soggy Hollow,11,2297.0,0.5483869766244481,5,5
558p,4,18,M,Jamshire,12,1845.0,0.4616633627843756,4,4
rpbc,4,17,M,Boggy Bottom,10,1850.0,0.4647169647522378,3,5
vyf5,4,29,M,Puddington,12,1991.0,0.4314629700310583,8,12
9kcn,0,12,M,Toadstool Marshes,12,2143.0,0.5267445421422781,3,3
xnrv,0,10,F,Dripwater Delta,10,2345.0,0.6615677532371824,2,2
jcsi,4,35,F,Jamshire,17,4199.0,0.6462895174970504,6,9
qx9g,4,14,F,Sugarbrook,13,2869.0,0.5196413064822883,7,10
45hl,4,34,F,Puddington,10,1638.0,0.4249057753513569,2,2
jlfr,4,18,M,Sugarbrook,25,5039.0,0.47426814001985707,7,9
v839,3,29,F,Muckminster,20,4431.0,0.5555390532643019,3,6
cicj,4,21,F,Boggy Bottom,26,5518.0,0.544381729120822,2,2
miaz,6,59,F,Duelburg,11,2503.0,0.5931455949189649,1,1
13k3,0,11,F,Soggy Hollow,12,3733.0,0.8251235988989071,5,5
tsyt,5,12,M,Soggy Hollow,13,3017.0,0.6140535503096838,4,5
lai5,4,20,M,Puddington,13,2659.0,0.5162149983729648,7,11
xrps,0,11,M,Toadstool Marshes,11,1719.0,0.4048397836163167,6,6
w29l,0,11,F,Slurpington,14,3290.0,0.6455772015840527,3,3
r97g,4,22,F,Puddington,15,3103.0,0.5722855117698148,6,11
5pof,4,20,M,Sugarbrook,14,2428.0,0.46356141058018846,7,8
zhay,6,37,M,Duelburg,16,2936.0,0.5011840269316157,4,5
cc58,4,35,F,Jamshire,16,3271.0,0.5413194663406915,8,10
x8ai,4,11,F,Sugarbrook,11,1729.0,0.42340774948921794,4,5
c31g,4,15,F,Jamshire,21,4437.0,0.5633491169779653,5,8
esog,4,29,M,Sugarbrook,12,2639.0,0.5175246060950117,6,8
xf5d,0,12,F,Dripwater Delta,13,2026.0,0.39627082538880615,5,7
bmkk,4,30,M,Boggy Bottom,13,3649.0,0.7057575972370874,3,5
6ndl,0,11,F,Slurpington,14,3396.0,0.6619856122778115,5,5
zmoh,4,10,M,Jamshire,15,2870.0,0.5112835541418275,7,8
yipf,4,16,F,Puddington,10,1915.0,0.5432578385373156,2,2
qwb2,0,10,F,Toadstool Marshes,10,2433.0,0.6252016527865727,4,4
vvt3,4,13,M,Sugarbrook,10,1484.0,0.3727752496143794,5,7
2dsr,0,11,F,Soggy Hollow,14,4207.0,0.7980644728736702,4,4
vs1z,4,19,M,Sugarbrook,16,3347.0,0.5639815887809789,5,7
t57h,4,32,M,Jamshire,10,2631.0,0.6349534699201473,7,7
34sm,0,10,M,Soggy Hollow,10,2025.0,0.4903931700152113,7,7
w5wl,6,12,F,Duelburg,14,3675.0,0.7063221380208516,2,2
w4yw,4,78,M,Duelburg,10,2581.0,0.7419515543294942,1,1
d83r,6,118,M,Shield Barrow,16,3434.0,0.5798252522582718,5,7
uf1d,4,12,M,Jamshire,13,2952.0,0.5563474270842624,5,8
i2gm,0,10,M,Toadstool Marshes,12,3041.0,0.6898609722054756,7,7
pwjy,0,11,M,Soggy Hollow,13,3074.0,0.6273324996759618,5,5
qx1e,1,11,M,Greycliffs,12,2371.0,0.4861618340801441,6,8
tbw6,0,12,M,Dripwater Delta,14,3203.0,0.6322388166854263,4,4
m9n3,2,12,M,Threadbare,22,4189.0,0.47994289246119665,3,3
51q1,6,68,F,Duelburg,12,3127.0,0.7507024219172292,5,5
e9gb,6,71,M,Duelburg,23,4983.0,0.6189010322189459,4,5
jwxk,5,11,F,Dripwater Delta,11,2272.0,0.5249590383564783,8,8
tzvu,4,23,M,Jamshire,26,5561.0,0.5386647429268915,8,16
jt89,4,34,F,Jamshire,14,2804.0,0.4932567331715164,9,15
9u7n,0,15,F,Slurpington,12,3189.0,0.6535456441347828,1,1
2gr8,4,27,M,Sugarbrook,13,2497.0,0.4918858678386138,5,5
migu,6,101,M,Narathil,17,4076.0,0.64526268009002,2,2
l45x,4,30,F,Sugarbrook,17,3855.0,0.5971829049505482,4,5
j11t,4,17,F,Boggy Bottom,10,1370.0,0.3003941399541107,3,6
u3f2,0,10,F,Toadstool Marshes,15,4325.0,0.784055348905079,4,4
8hd9,2,16,M,Knitwick,20,3606.0,0.4342604826030635,4,8
ualu,0,13,F,Soggy Hollow,14,3913.0,0.7947347443904057,3,3
myyz,4,17,F,Sugarbrook,10,1595.0,0.4189407133188613,6,11
h5fr,0,29,M,Slurpington,12,2346.0,0.48991142808100263,7,7
mwrl,3,17,F,Greycliffs,14,2513.0,0.4916801720016176,5,5
t7e3,6,71,M,Duelburg,15,2946.0,0.5491920926408974,2,2
ccty,4,25,F,Puddington,20,2588.0,0.35290323187601014,8,10
silb,4,21,F,Puddington,18,4303.0,0.5758878292916537,3,5
l1db,0,12,F,Soggy Hollow,15,4899.0,0.9206333190840806,6,6
tbhf,6,140,M,Shield Barrow,11,2360.0,0.6352101537296787,2,2
w2h9,1,11,F,Narathil,11,2022.0,0.5512192703190887,1,1
a83t,0,11,F,Toadstool Marshes,13,2817.0,0.5652544962910752,4,4
3dfz,1,134,M,Duelburg,18,2963.0,0.505049418594573,4,4
oa5t,0,11,NB,Toadstool Marshes,10,1898.0,0.45584676694827764,4,4
p1oh,6,122,F,Duelburg,16,3758.0,0.6742831360211419,3,4
c1y3,0,12,M,Dripwater Delta,16,3902.0,0.6858319702645097,5,5
g5e1,4,24,M,Sugarbrook,16,3109.0,0.4943161031486069,8,12
4yto,1,25,M,Sugarbrook,15,2893.0,0.4539086105861897,7,12
iz5s,6,96,F,Shield Barrow,13,3024.0,0.5773711622615598,4,5
zptk,6,134,M,Narathil,16,3440.0,0.5997165597804405,4,4
ssl4,4,22,M,Puddington,18,3902.0,0.5567120979437399,7,9
cg57,0,11,F,Slurpington,15,4390.0,0.8110640462286759,5,5
5scc,6,14,F,Shield Barrow,13,2546.0,0.5645670869295197,5,6
r5uq,6,118,F,Duelburg,21,5122.0,0.7091138691593277,2,2
do8o,0,13,F,Dripwater Delta,19,5138.0,0.7744551721019142,7,7
kg1u,0,23,F,Soggy Hollow,15,3226.0,0.5702228364218088,4,4
cqfu,4,33,F,Sugarbrook,18,3798.0,0.6029392578819989,6,7
p96l,4,23,F,Puddington,10,2056.0,0.5334735170811749,7,10
l471,4,20,M,Greycliffs,18,3715.0,0.54874499265124,3,3
bvvb,4,15,F,Sugarbrook,12,2438.0,0.5422202539949904,8,14
6yhn,4,29,F,Greycliffs,10,2527.0,0.6595401274634378,2,2
vhsd,4,18,M,Sugarbrook,10,2734.0,0.697546462402349,7,7
htt3,0,12,M,Toadstool Marshes,12,3011.0,0.6266812478064804,5,5
vw6b,4,27,M,Greycliffs,17,4087.0,0.6357192129610697,8,14
zvp2,5,12,M,Soggy Hollow,11,2718.0,0.7233004550367528,4,4
i8mk,4,17,F,Muckminster,13,2940.0,0.6386335335460285,3,8
h1z6,1,16,M,Greycliffs,15,3294.0,0.5839544605364646,2,2
bbua,5,10,M,Soggy Hollow,10,2735.0,0.7600343700950213,3,3
ipwy,4,27,F,Sugarbrook,11,3278.0,0.8302918885133296,1,1
4who,0,10,F,Soggy Hollow,15,3073.0,0.5441888571210572,4,4
yrhx,3,35,M,Sugarbrook,25,6385.0,0.67244103737235,8,11
2rcq,2,14,M,Threadbare,13,2660.0,0.5118317573964213,4,6
nf6d,5,42,F,Soggy Hollow,10,2860.0,0.846815082111027,4,4
e58o,2,13,M,Gnome's Rest,17,4356.0,0.6002607538979001,4,4
vtr4,5,12,F,Soggy Hollow,11,2017.0,0.49479366450787304,6,6
iw5s,4,19,M,Sugarbrook,13,2550.0,0.5588407500640722,2,2
oa85,2,17,M,Knitwick,14,2085.0,0.37540948812667846,4,5
68gx,0,12,M,Dripwater Delta,13,2418.0,0.5082207860549972,4,4
fpgv,4,18,F,Sugarbrook,10,1588.0,0.41018789967403935,7,8
rlqr,6,32,M,Duelburg,10,1907.0,0.5557590039122268,3,3
stpg,4,13,M,Greycliffs,18,2270.0,0.2822964700462763,5,9
n1oj,4,10,F,Sugarbrook,13,2388.0,0.43775653985403457,4,5
qf12,4,15,M,Puddington,11,2241.0,0.5588234440108873,6,7
7fuk,6,83,M,Shield Barrow,10,2250.0,0.5960034518593067,1,1
37ps,1,85,M,Duelburg,16,3186.0,0.5636999542253195,4,5
l41d,0,19,M,Slurpington,17,3667.0,0.6069743285399745,6,6
7ohp,4,15,F,Puddington,25,4599.0,0.45458589909826747,8,13
dt7q,4,19,M,Jamshire,14,2751.0,0.5477605096771044,6,6
5mq9,0,32,F,Soggy Hollow,15,4293.0,0.8061902350660497,6,7
u37r,0,12,M,Slurpington,10,1550.0,0.3834480361605586,6,6
7p69,5,11,M,Dripwater Delta,11,2062.0,0.5164707248882064,8,8
kjs2,2,13,M,Gnome's Rest,11,2883.0,0.6670969817798552,4,5
wfn4,0,13,F,Toadstool Marshes,15,2980.0,0.5284623151932295,5,6
sejs,0,11,M,Slurpington,18,4483.0,0.6581799015973487,8,9
rmc2,0,12,F,Toadstool Marshes,14,3823.0,0.7839023765510265,4,4
mdws,4,35,F,Sugarbrook,12,2737.0,0.6347253572810849,5,7
k5kc,0,12,F,Toadstool Marshes,13,3492.0,0.7094245166643135,5,5
6vkm,5,11,F,Toadstool Marshes,12,2896.0,0.6589615340630596,8,9
fvk5,5,12,F,Toadstool Marshes,11,3104.0,0.8245745079259692,3,3
7y7v,4,11,M,Sugarbrook,11,2399.0,0.5817634275608676,7,10
s3ul,4,14,F,Jamshire,11,1630.0,0.4292064974609039,4,4
ohs8,0,10,F,Dripwater Delta,10,1521.0,0.3720260285566154,5,5
3jzq,0,11,M,Soggy Hollow,11,2476.0,0.5982795347260264,6,7
tcyd,5,12,F,Toadstool Marshes,15,3545.0,0.6970039256092451,5,5
ee1v,1,23,M,Greycliffs,16,2645.0,0.45304356971835963,6,8
p2zv,4,21,M,Greycliffs,14,2896.0,0.5358646646429881,5,6
ltvc,6,106,M,Shield Barrow,17,4116.0,0.6461028907208737,5,6
ldec,0,11,F,Toadstool Marshes,12,3278.0,0.7176971884348887,7,8
veqp,6,13,M,Narathil,12,2928.0,0.6165016145143948,5,6
99qr,4,13,M,Gelatina Grove,14,2914.0,0.488236845909781,3,7
hc9m,5,11,F,Dripwater Delta,12,1929.0,0.43200119930997866,5,5
zbio,6,91,F,Narathil,18,4403.0,0.6387469030149057,3,4
7zdi,3,23,M,Greycliffs,18,3698.0,0.5439713903102309,6,7
s78w,0,11,F,Soggy Hollow,10,2935.0,0.7689136808473611,5,5
hu54,6,98,M,Narathil,11,2425.0,0.6352740664844188,3,3
g2w2,4,19,M,Jamshire,13,2742.0,0.5440901011092228,7,10
adlq,4,11,M,Gelatina Grove,12,1835.0,0.4034403804873224,3,6
mx7a,1,51,F,Narathil,15,3422.0,0.6457951039621143,4,4
ta7t,5,12,F,Dripwater Delta,15,3739.0,0.7064490391145718,7,8
r2vt,1,25,M,Sugarbrook,15,3700.0,0.6913519207277541,1,1
r8u3,4,16,M,Sugarbrook,13,2675.0,0.5173006046040122,7,8
vak9,3,25,F,Puddington,14,2810.0,0.4881688489899833,7,12
v93q,5,11,F,Soggy Hollow,11,2314.0,0.5785410322750938,5,5
q5pc,6,37,M,Shield Barrow,14,2601.0,0.531461828979721,4,5
xnvq,4,17,F,Jamshire,18,4134.0,0.6239164990288274,5,7
qxc3,2,18,F,Threadbare,10,2923.0,0.776474337630139,3,4
lvgz,4,34,M,Greycliffs,18,3493.0,0.5769179553417358,2,2
efxn,6,105,M,Narathil,14,3241.0,0.6501836297386383,3,4
aonl,5,12,F,Slurpington,11,2531.0,0.6411457154629375,5,5
jg3b,3,32,M,Sugarbrook,16,3049.0,0.503246969249382,7,9
pj47,0,11,F,Toadstool Marshes,12,2743.0,0.5931806145734094,6,8
67uj,6,70,NB,Duelburg,14,2670.0,0.5091329218913277,4,4
upy7,4,19,M,Greycliffs,13,2845.0,0.5718441886643117,8,10
8poi,0,11,M,Toadstool Marshes,12,3035.0,0.6685551895574826,3,3
9oiv,1,100,F,Duelburg,10,2369.0,0.6321819347470565,2,2
3opn,4,18,M,Greycliffs,17,3300.0,0.46639906484363325,6,7
vf5f,5,12,F,Dripwater Delta,13,3078.0,0.6538675832163563,4,4
mzp3,0,11,F,Toadstool Marshes,13,2292.0,0.43968061813295356,3,3
bmnv,0,11,F,Slurpington,15,3354.0,0.5942421597270684,5,5
btb4,6,87,F,Narathil,12,2476.0,0.6559499048978855,2,2
f1oo,4,24,F,Greycliffs,13,3389.0,0.6103155519831198,4,5
ymxw,0,10,F,Soggy Hollow,11,2657.0,0.6002364442541358,6,6
uzr3,4,16,F,Greycliffs,11,2439.0,0.5890687990088112,4,5
odyu,0,10,F,Slurpington,17,5149.0,0.8185009270937851,5,5
3czv,4,33,M,Jamshire,15,2622.0,0.48606478932641406,6,9
ruw5,6,72,M,Shield Barrow,11,2111.0,0.5941435863939245,4,5
nimb,5,12,F,Dripwater Delta,14,3567.0,0.7286651665178386,6,6
tscq,4,24,M,Jamshire,12,2563.0,0.5877787216787581,5,7
dxb3,0,12,F,Slurpington,10,2214.0,0.5989735679208469,8,9
ktbz,4,12,M,Jamshire,17,3729.0,0.5277775258780543,3,4
nqif,6,134,M,Shield Barrow,11,2279.0,0.5794779705824333,3,4
wptb,0,12,F,Toadstool Marshes,14,2947.0,0.5481852954702876,4,4
b87k,4,37,F,Puddington,22,5254.0,0.5981513658072372,8,14
rn92,5,10,M,Toadstool Marshes,12,2067.0,0.4799359215275019,7,8
dble,0,12,F,Dripwater Delta,10,1914.0,0.4621489106694073,6,6
afka,6,88,F,Duelburg,18,4586.0,0.638264555784954,5,6
kfqt,2,12,M,Threadbare,10,1780.0,0.46757215837492383,4,4
fsjl,6,55,F,Narathil,17,3450.0,0.5381505888015367,3,4
kjws,1,30,F,Sugarbrook,20,2960.0,0.38031796342792856,5,8
grc8,0,10,M,Slurpington,16,3744.0,0.6157574486367035,7,7
687m,0,12,F,Toadstool Marshes,12,3622.0,0.8055873763437806,6,6
hppu,6,70,F,Duelburg,21,4419.0,0.5266972191658451,4,6
p4a8,2,20,F,Threadbare,11,2336.0,0.5275395485227174,3,3
rltk,4,22,F,Jamshire,10,1509.0,0.3771072876904875,4,6
8fgm,5,27,M,Slurpington,13,2354.0,0.477971277878279,5,5
kxmb,6,97,M,Duelburg,13,2374.0,0.564565964736943,3,3
viz6,2,22,F,Threadbare,20,3488.0,0.480805439736109,4,6
8zxu,4,24,F,Jamshire,16,3316.0,0.47318307063978765,6,8
e7zq,0,10,M,Toadstool Marshes,11,2247.0,0.5169159726987179,3,3
w623,0,64,F,Slurpington,13,3899.0,0.847307878000081,6,6
9obq,2,11,F,Knitwick,17,3534.0,0.5403207358638529,4,4
eavr,4,24,M,Greycliffs,16,3564.0,0.5488910819291097,5,8
nq9n,1,20,F,Puddington,14,2367.0,0.4138894973726665,1,1
hv3o,0,11,M,Toadstool Marshes,16,3284.0,0.5480930702127927,3,3
mdq5,4,10,M,Puddington,10,1452.0,0.36070180049745537,7,9
oiij,6,88,NB,Narathil,15,2328.0,0.4821674324334976,1,1
spef,0,12,F,Dripwater Delta,14,2937.0,0.6223420911339498,5,6
33ic,4,27,M,Greycliffs,15,2135.0,0.3689287703464892,9,10
io7u,0,11,M,Slurpington,13,2036.0,0.4033886970261209,2,2
y86g,5,44,F,Dripwater Delta,11,3290.0,0.8539998170833573,5,5
3939,5,13,F,Dripwater Delta,14,2819.0,0.5633863017861385,4,4
8dkg,6,51,M,Narathil,10,2097.0,0.5328464319994669,5,5
da5b,2,26,M,Threadbare,17,5047.0,0.7477002844649455,4,8
qrlh,0,123,F,Toadstool Marshes,14,2890.0,0.5985037329369254,5,5
mz3y,5,11,F,Toadstool Marshes,12,2671.0,0.5864321260590898,4,4
imhc,0,11,M,Soggy Hollow,11,3237.0,0.7555076970295036,3,3
qoo8,2,16,F,Threadbare,14,3995.0,0.6674077358918761,3,3
o5xy,4,18,F,Jamshire,10,1802.0,0.429784454794388,6,10
7wzr,6,83,F,Narathil,17,3208.0,0.5165163997392297,3,3
8b6y,0,11,M,Toadstool Marshes,18,3070.0,0.4706622915433759,4,4
19ox,5,14,F,Toadstool Marshes,13,3868.0,0.8566389079455161,2,3
ubxs,6,97,F,Duelburg,11,1921.0,0.4514863323244684,2,3
skik,5,10,NB,Slurpington,11,1762.0,0.4262364763021051,4,5
i47k,0,13,F,Dripwater Delta,15,3407.0,0.6358686931037482,6,6
noyp,2,28,F,Knitwick,15,3704.0,0.6630476514633435,4,5
38jh,2,18,M,Threadbare,10,2145.0,0.5540767743936843,4,7
yhru,5,14,F,Toadstool Marshes,11,2667.0,0.6283479631854089,4,4
appv,2,17,F,Knitwick,18,5126.0,0.7336415019052137,2,3
lqik,0,23,F,Slurpington,18,4471.0,0.6501841290207437,5,5
81iz,0,14,F,Slurpington,15,3443.0,0.6212608326419279,3,3
itdf,4,26,F,Puddington,14,2561.0,0.46091736844048653,7,9
pvhn,5,11,M,Dripwater Delta,14,2823.0,0.5601467695522575,5,5
kwbr,5,11,M,Slurpington,13,3097.0,0.7222363609155286,4,4
lxg5,0,13,F,Toadstool Marshes,10,2261.0,0.5719877346360186,6,6
734b,0,10,F,Dripwater Delta,15,3483.0,0.6328777468480921,3,3
r7gw,4,19,F,Sugarbrook,15,2365.0,0.394243844489727,9,17
cfea,4,30,F,Sugarbrook,28,6167.0,0.6003669405530652,9,16
68d6,1,28,M,Puddington,15,4032.0,0.7444205351499372,1,1
3hx8,0,12,M,Soggy Hollow,10,2761.0,0.788380039704233,4,4
9u8o,2,19,M,Threadbare,15,3943.0,0.6287273523682336,4,6
guzg,2,23,F,Threadbare,11,2694.0,0.6439937437629005,4,6
rdp8,4,19,F,Puddington,11,1922.0,0.46413935465273076,4,4
stkw,3,14,M,Greycliffs,14,2935.0,0.5608279461251621,5,8
e9xg,0,10,F,Slurpington,13,3000.0,0.5872523480867552,6,6
2olx,5,25,F,Dripwater Delta,11,2133.0,0.5095312787491434,2,2
nza7,5,13,M,Dripwater Delta,15,3971.0,0.7558350094911063,3,3
qx1z,0,14,M,Dripwater Delta,12,2519.0,0.5799441302021391,4,4
3c82,4,32,F,Greycliffs,17,2796.0,0.44041746945454674,7,11
pva3,3,22,F,Jamshire,11,2158.0,0.5143563525870453,5,6
83bj,4,34,M,Greycliffs,11,2548.0,0.5760431420970856,4,5
a86g,6,10,F,Narathil,12,2225.0,0.4915109156081267,5,6
eslx,0,12,F,Slurpington,12,3490.0,0.7738436804865886,4,4
jti9,4,16,F,Sugarbrook,21,3518.0,0.42476836488666203,8,11
578z,2,17,M,Gnome's Rest,10,2564.0,0.6591191487962046,2,3
ccz5,0,13,M,Toadstool Marshes,10,2819.0,0.7783290016371691,4,4
pbt2,5,10,M,Dripwater Delta,16,3895.0,0.6920583049015715,7,7
nrit,5,14,F,Toadstool Marshes,12,3587.0,0.8428864944133626,5,5
2i31,0,11,F,Dripwater Delta,13,3228.0,0.7108599600107511,3,3
1gph,2,11,F,Gnome's Rest,16,3862.0,0.6311009661517331,4,6
3vvi,0,11,M,Slurpington,11,2512.0,0.6073121151692281,4,4
bfb7,0,11,M,Soggy Hollow,15,4030.0,0.7242709775776766,5,5
dgms,4,11,F,Sugarbrook,17,2911.0,0.41540420554904667,6,7
w8pr,4,14,M,Sugarbrook,16,2538.0,0.42429905669968143,7,8
6od7,2,15,NB,Gnome's Rest,12,2568.0,0.512572353662769,3,3
gmvv,5,12,F,Soggy Hollow,16,4221.0,0.750703737219464,7,7
jywf,4,13,F,Jamshire,20,3487.0,0.42957401982590737,8,13
yyhx,4,20,F,Sugarbrook,20,4057.0,0.5232921706667855,3,3
mlli,0,10,M,Dripwater Delta,10,2006.0,0.4853487263601541,1,1
g6ue,4,20,F,Greycliffs,16,3095.0,0.5325890020414754,7,10
2hrd,4,13,F,Jamshire,12,1751.0,0.3943996759598807,4,4
amz9,5,10,F,Toadstool Marshes,12,3090.0,0.7593855195715479,6,6
53w5,4,29,F,Puddington,24,5079.0,0.6002866794575159,7,11
4tma,4,24,M,Greycliffs,11,2264.0,0.5314161476862614,4,4
l36v,0,12,M,Toadstool Marshes,14,3335.0,0.6196200080591658,4,4
8k36,4,17,M,Puddington,14,2520.0,0.5017329222537904,4,4
8rhq,2,27,M,Knitwick,14,2726.0,0.5136026888742867,3,6
de6l,2,30,F,Threadbare,20,5756.0,0.722355964247937,3,5
5pnx,0,12,F,Slurpington,12,3062.0,0.6577382841628764,3,3
5l3j,5,14,F,Toadstool Marshes,19,4901.0,0.7257221811192918,4,4
fsgw,2,22,M,Knitwick,15,2989.0,0.4969170992156473,4,4
92wg,4,14,F,Puddington,10,1532.0,0.3928716655266516,5,6
avii,4,15,M,Greycliffs,12,2210.0,0.486744445852155,2,2
il6c,1,27,F,Puddington,18,3176.0,0.48068121526171204,8,12
6n1b,1,27,F,Jamshire,21,5154.0,0.6822051725137781,6,8
bwnx,4,18,F,Puddington,29,6425.0,0.5492646641682571,7,11
awuo,2,16,F,Threadbare,13,3660.0,0.66802344230117,4,4
st25,4,33,F,Jamshire,14,2420.0,0.48982912550443236,5,7
gup2,4,38,F,Sugarbrook,12,2361.0,0.5094037441141385,5,8
2ljg,4,19,F,Sugarbrook,11,2299.0,0.5115705139450131,8,12
toys,0,13,F,Slurpington,14,3127.0,0.6141065795345498,1,1
6pub,2,16,F,Threadbare,15,3717.0,0.6616686549453168,4,5
u1vw,4,11,F,Puddington,11,1844.0,0.463167432814344,8,12
j3bg,5,97,F,Dripwater Delta,11,2876.0,0.7543934580444422,6,6
evdh,1,107,M,Narathil,17,3623.0,0.6297211632580282,5,5
f4ok,6,55,M,Narathil,10,2349.0,0.5976070892045625,4,5
uzuy,2,28,F,Knitwick,15,4514.0,0.7495516106923515,3,4
vwuv,0,10,M,Soggy Hollow,18,4702.0,0.7012745084574372,3,3
mjnc,4,16,M,Gnome's Rest,10,2231.0,0.5655146983771769,3,3
3271,0,14,F,Soggy Hollow,17,3640.0,0.5740128686415734,5,5
21ql,5,12,F,Soggy Hollow,18,4673.0,0.7302720508390357,7,7
zxn6,3,43,M,Jamshire,20,5237.0,0.7543533001154749,5,7
kd7i,4,39,M,Greycliffs,12,2823.0,0.631946635867135,5,8
jxy3,3,17,F,Greycliffs,12,2882.0,0.677594270236863,4,5
4jbg,6,125,M,Duelburg,14,2975.0,0.6427708109306759,5,6
p3az,1,41,M,Jamshire,15,3728.0,0.6750439417280417,5,6
47ka,5,11,M,Soggy Hollow,10,2077.0,0.5813448706255023,4,4
adez,1,38,F,Jamshire,10,1629.0,0.43855269143070624,1,1
2h7a,2,21,F,Threadbare,14,3396.0,0.5719121450092913,2,3
boc9,0,10,NB,Toadstool Marshes,10,2040.0,0.5340090443390552,5,5
ejqi,1,11,M,Shield Barrow,10,1817.0,0.49526224423557286,3,4
bdlj,5,10,M,Dripwater Delta,10,2668.0,0.7160653487216935,5,5
izqx,4,24,F,Sugarbrook,14,3057.0,0.49716576443450805,7,10
p3en,4,18,M,Puddington,18,3344.0,0.4906402047049459,8,14
lnce,2,17,F,Threadbare,11,2385.0,0.538533153783222,3,3
1czt,0,11,M,Slurpington,10,2433.0,0.5865240338557236,4,4
4sb6,4,29,F,Sugarbrook,18,3655.0,0.534519335405818,4,5
5kar,4,11,F,Puddington,11,1776.0,0.3761024373262829,3,3
gx82,1,36,M,Greycliffs,11,2382.0,0.6005635476485164,2,2
i3cq,2,20,F,Gnome's Rest,14,3695.0,0.6669061468755147,2,3
vbas,4,17,M,Puddington,16,3424.0,0.4976013854617109,4,4
34hp,2,12,F,Gnome's Rest,15,2219.0,0.3746082060199706,4,5
lwkw,1,28,NB,Greycliffs,10,1821.0,0.5309832514844165,2,2
4zgi,0,11,M,Soggy Hollow,10,2264.0,0.578313339592575,4,4
e21v,2,17,M,Threadbare,17,3752.0,0.5587562330622342,4,7
tes5,2,16,F,Gnome's Rest,16,3003.0,0.5186993813417143,4,9
jvmb,4,17,M,Jamshire,16,3569.0,0.6152501647370543,5,7
ec7b,4,41,M,Sugarbrook,19,3947.0,0.5768832931289688,8,11
cgtw,5,11,M,Dripwater Delta,12,2986.0,0.6784844446536779,5,5
kib2,0,12,M,Soggy Hollow,11,2999.0,0.7768006286903191,2,2
g584,0,13,M,Soggy Hollow,11,2470.0,0.6249866572686326,3,4
tkus,0,56,F,Soggy Hollow,13,1855.0,0.3733291100047561,4,4
gd6m,0,11,M,Slurpington,14,3893.0,0.7661625912908744,5,6
7caa,4,25,F,Puddington,13,2089.0,0.42676167714078656,8,10
4qb3,5,11,F,Toadstool Marshes,14,2927.0,0.6000030434699845,4,4
9cbw,1,33,F,Greycliffs,13,2990.0,0.6774886866685902,2,2
duij,0,14,F,Slurpington,11,2160.0,0.5038677148533506,5,5
lu6j,4,19,F,Puddington,18,3643.0,0.49886103916757357,4,4
thw1,1,28,M,Jamshire,15,3684.0,0.6433577663881039,5,8
q422,0,11,M,Slurpington,12,2741.0,0.6275186990320072,6,6
wodi,4,14,F,Sugarbrook,12,2324.0,0.48989019579234894,9,16
wvyo,1,30,M,Jamshire,11,2367.0,0.6089621098792958,4,6
tisx,1,14,M,Jamshire,14,2669.0,0.5069465842724405,2,2
8f3x,2,25,F,Gnome's Rest,11,2965.0,0.749089238323393,3,3
j58a,4,26,M,Gelatina Grove,10,1316.0,0.29785004345347144,3,3
nuz5,1,26,NB,Sugarbrook,11,2787.0,0.6697363165723395,4,5
a2jo,4,52,F,Greycliffs,13,2761.0,0.6036074871807855,7,8
62m7,2,20,M,Threadbare,14,3096.0,0.5334999200247418,3,4
htmb,2,11,F,Knitwick,19,2668.0,0.34850444930006463,4,4
hytm,1,41,M,Jamshire,10,1834.0,0.46924281218453395,1,1
gxyd,4,16,M,Sugarbrook,17,3145.0,0.47054703273681064,6,8
jhj4,6,49,M,Duelburg,11,2168.0,0.5057453832442111,3,4
whna,2,11,M,Gnome's Rest,12,2162.0,0.486760110042103,4,4
g5bn,4,24,M,Puddington,15,2779.0,0.47483197167276264,8,10
zadd,0,11,M,Slurpington,12,2631.0,0.6202282378815466,6,6
ofkp,2,24,M,Gnome's Rest,14,2790.0,0.4947461846299128,3,3
bgx3,0,18,F,Toadstool Marshes,12,2131.0,0.5152500124719457,7,7
19ar,4,34,F,Jamshire,12,2817.0,0.6313940520053466,7,8
mh7g,2,13,M,Threadbare,14,2501.0,0.41941479769223655,3,3
4u64,2,19,F,Gnome's Rest,10,1631.0,0.4247703885732654,4,7
5wv6,4,24,F,Puddington,13,2042.0,0.42343624209100883,6,7
wv5y,4,32,M,Sugarbrook,13,2187.0,0.45517691542793626,9,13
6rhk,1,26,M,Greycliffs,14,3079.0,0.5793487129148813,1,1
eyl5,2,26,M,Knitwick,15,3151.0,0.5144081008317729,4,7
lvzw,5,11,F,Toadstool Marshes,12,2994.0,0.7340347904289507,4,4
97zn,4,22,F,Puddington,16,2903.0,0.40782913356932093,5,7
woss,5,13,F,Dripwater Delta,10,3141.0,0.8417956692550594,5,5
e2ol,1,10,NB,Shield Barrow,10,1737.0,0.47295189971493834,3,4
wcq3,1,81,M,Narathil,10,1643.0,0.4980058504962549,4,4
clqq,4,20,F,Jamshire,12,2332.0,0.5126549429794702,6,8
rdsf,4,13,F,Greycliffs,16,2979.0,0.4507520467682718,5,5
dza4,0,11,M,Toadstool Marshes,10,2101.0,0.5381203023096559,5,5
gsxo,4,20,F,Jamshire,16,2668.0,0.45076461086356473,8,12
hsjo,0,12,F,Toadstool Marshes,11,2820.0,0.745831212029017,4,4
zadt,6,47,M,Shield Barrow,17,3840.0,0.5885750698164085,3,3
niya,0,13,M,Dripwater Delta,15,2294.0,0.464990408085671,5,5
vzaa,4,39,F,Jamshire,12,2866.0,0.6515283695259205,5,6
t11h,0,12,M,Toadstool Marshes,12,2929.0,0.7175354594607818,3,3
xqg2,6,125,M,Duelburg,17,3154.0,0.5794995827515391,5,9
z9so,4,78,F,Duelburg,11,1209.0,0.31489956991897194,3,4
aiq1,2,18,F,Gnome's Rest,12,2644.0,0.5622298804568392,4,4
iau9,4,11,NB,Greycliffs,11,909.0,0.20791966384224717,8,10
sxxf,5,11,M,Toadstool Marshes,11,2119.0,0.5557978676187715,6,7
rdbr,0,11,M,Soggy Hollow,11,2635.0,0.6280298540936784,3,3
hgdd,4,24,M,Puddington,15,3251.0,0.6144595895364027,5,8
snq9,4,18,M,Puddington,20,4838.0,0.6660813413445569,6,9
5hiu,2,19,F,Threadbare,10,1896.0,0.5215578900072712,4,5
spc7,0,10,M,Soggy Hollow,15,2961.0,0.523732176273683,5,5
4dez,0,11,F,Dripwater Delta,14,2752.0,0.5658656289728328,5,5
v666,6,12,F,Shield Barrow,10,2506.0,0.6325330265185958,4,5
qjr4,0,11,F,Slurpington,12,2401.0,0.5099890995814559,5,6
oser,6,77,F,Duelburg,15,2129.0,0.3791307239601426,5,6
tkqc,0,11,M,Slurpington,11,1434.0,0.36877577064854106,5,5
jwj7,0,12,F,Slurpington,13,3555.0,0.7480280343925838,6,6
vbmu,0,11,M,Toadstool Marshes,11,2622.0,0.6096409654112049,5,6
crdw,5,14,M,Toadstool Marshes,15,4265.0,0.7891841167214703,6,6
sbmg,0,10,M,Slurpington,12,2818.0,0.6204166718970947,3,3
zchf,4,12,F,Puddington,15,2007.0,0.3156063174676161,7,12
ssdq,4,17,M,Sugarbrook,29,6344.0,0.5620490061953729,8,10
jky9,3,39,M,Sugarbrook,12,2142.0,0.4983964136009191,5,6
8nai,2,16,M,Gnome's Rest,11,1652.0,0.34776595595955634,3,3
rxwh,5,25,M,Slurpington,15,2586.0,0.4616354785601931,6,6
3kqy,1,23,F,Puddington,10,2075.0,0.5272605718216284,2,3
67k4,4,21,F,Sugarbrook,11,2301.0,0.6403142877463381,3,3
j34s,1,25,F,Sugarbrook,13,2875.0,0.5947039569113582,1,1
sir6,1,16,F,Greycliffs,10,1357.0,0.3770001681353478,3,4
4j3v,1,23,M,Greycliffs,24,4388.0,0.5126791235470086,7,11
wokm,2,24,M,Knitwick,15,3741.0,0.6958293063287152,4,5
vvh2,4,20,F,Puddington,11,2503.0,0.5563874842893626,4,4
56ej,4,39,M,Sugarbrook,18,3388.0,0.5126603806917372,8,13
z5j9,4,30,M,Greycliffs,11,2101.0,0.5852026756473077,6,6
3cci,0,66,M,Soggy Hollow,15,3888.0,0.7018220059531557,6,6
61dw,2,15,M,Threadbare,21,3887.0,0.48617981539501176,4,6
fg7h,6,29,F,Narathil,11,2403.0,0.6346629112658412,2,2
hkse,3,17,NB,Jamshire,30,5211.0,0.4466430034514542,5,7
j8cn,0,10,M,Soggy Hollow,11,2739.0,0.6704763928220798,5,5
8uoz,4,38,M,Jamshire,15,2765.0,0.44370802481509136,6,9
6aym,4,30,F,Jamshire,13,2715.0,0.5330427132398917,5,7
pno8,4,30,F,Jamshire,13,2928.0,0.599671171104697,4,6
jikt,4,24,F,Greycliffs,11,1902.0,0.3979207664862972,6,9
ejfa,0,11,F,Slurpington,11,2602.0,0.6588649735198794,7,7
jy1e,2,23,F,Threadbare,16,3267.0,0.5283864041591934,1,1
99om,1,30,M,Sugarbrook,10,2064.0,0.6191707062324365,1,1
brbx,4,14,F,Sugarbrook,12,1748.0,0.41994776663037564,3,3
igtf,5,11,F,Dripwater Delta,11,2962.0,0.7294869825179497,4,4
oo3t,1,24,F,Greycliffs,11,2327.0,0.5672648002313907,1,1
9vpq,1,13,F,Greycliffs,10,2399.0,0.6571356053977785,1,1
pddu,4,41,F,Puddington,11,1675.0,0.4472645798226379,5,5
wvgz,4,26,M,Puddington,18,4018.0,0.563663922453345,8,18
123v,0,11,M,Toadstool Marshes,11,2362.0,0.5760777936435733,7,7
oozc,1,37,M,Sugarbrook,10,2372.0,0.6086005170997493,1,1
a1su,4,48,F,Puddington,11,1301.0,0.32595558832281074,7,10
jf1i,4,27,M,Sugarbrook,10,2346.0,0.6543702868353622,4,5
zyif,0,12,M,Dripwater Delta,11,2062.0,0.5165310031139158,4,4
cp9c,4,27,M,Jamshire,14,1863.0,0.33169345387305577,8,12
utq1,4,18,F,Jamshire,12,2247.0,0.4436796884168903,5,6
yfmp,0,12,M,Dripwater Delta,14,3677.0,0.6856455384644197,5,5
souj,4,11,F,Muckminster,11,1701.0,0.3415934661034398,3,7
jpzw,3,46,F,Jamshire,24,5301.0,0.6412749873249581,8,14
4kml,4,35,M,Jamshire,18,3323.0,0.5007638414823773,8,13
h57t,3,39,F,Puddington,20,3574.0,0.5461379781394732,7,11
71v5,2,22,M,Gnome's Rest,11,2472.0,0.604140883448665,2,2
y4ub,1,23,M,Greycliffs,10,1991.0,0.47641731379778385,2,2
4xcx,0,10,NB,Dripwater Delta,13,2469.0,0.5390073302148619,3,3
xob5,1,26,M,Sugarbrook,11,2476.0,0.5791850126731061,1,1
miq8,2,20,F,Gnome's Rest,12,3269.0,0.7096096188673352,2,2
u671,3,12,F,Jamshire,18,3602.0,0.529459577790073,9,10
jgog,4,15,F,Jamshire,15,2537.0,0.41645126772404095,2,2
7mq7,1,29,M,Puddington,12,2112.0,0.505048785823443,2,2
mev8,0,10,M,Dripwater Delta,11,2099.0,0.4825752409457235,2,2
3hw6,1,21,M,Sugarbrook,12,2508.0,0.5597263295604544,8,10
2qo3,0,11,M,Toadstool Marshes,10,2321.0,0.6319182327330991,6,7
zhqe,4,30,M,Jamshire,10,2103.0,0.5385463765230052,4,6
8yfo,6,128,F,Shield Barrow,11,1929.0,0.5367451409824537,3,4
nggw,2,24,M,Threadbare,12,2259.0,0.45114922835369703,4,5
8vka,6,85,M,Duelburg,14,3023.0,0.5862274073752225,5,7
xs8f,2,26,M,Knitwick,14,2672.0,0.48997256669903166,4,5
zx4h,4,10,F,Gnome's Rest,11,1473.0,0.32616203337233407,3,4
mdn4,4,32,F,Sugarbrook,13,2554.0,0.537659653353947,7,8
9t8b,2,10,M,Threadbare,18,3511.0,0.4769869474103947,4,6
rvo4,0,18,F,Soggy Hollow,15,3114.0,0.5418198222495071,4,4
3bao,4,36,F,Puddington,18,2501.0,0.35717936401872563,4,4
vbhc,4,23,M,Jamshire,16,2226.0,0.3765631881423817,8,11
rjf5,3,44,M,Greycliffs,18,4067.0,0.5870301566918856,7,14
piei,4,27,M,Jamshire,16,4234.0,0.6607106634536135,6,6
isz6,4,11,M,Puddington,11,1635.0,0.34579574895284276,5,5
4k22,1,21,F,Puddington,20,3831.0,0.4886769286278099,8,15
obd5,4,31,M,Sugarbrook,11,2092.0,0.5643293505449284,7,11
54sl,0,10,M,Slurpington,11,2514.0,0.6813279401489531,4,4
18zc,4,30,F,Greycliffs,14,2662.0,0.4834007472970222,7,11
5mb4,0,10,NB,Dripwater Delta,19,4445.0,0.618871503170864,7,7
es57,0,11,F,Slurpington,12,3170.0,0.7101737125892558,4,4
k9ns,4,14,M,Sugarbrook,15,3129.0,0.5927250153643936,5,7
9d5z,1,48,M,Greycliffs,10,1870.0,0.5567701930593358,4,4
xxh6,4,12,F,Jamshire,19,3401.0,0.4305233028561587,5,5
7p8r,6,87,F,Narathil,11,2309.0,0.601040266945355,5,5
uneu,1,19,M,Greycliffs,10,1522.0,0.387158950792388,2,2
ibce,0,10,M,Slurpington,11,2591.0,0.6547838320665798,2,2
fbtt,1,27,M,Greycliffs,11,2447.0,0.6076554924495821,5,6
83wl,3,28,F,Greycliffs,11,2312.0,0.5776603766680953,3,3
zjjd,0,12,F,Toadstool Marshes,10,2362.0,0.6571898831055905,3,3
s6df,1,15,M,Jamshire,15,2037.0,0.3810683244299756,7,10
hcpn,0,12,F,Soggy Hollow,10,1976.0,0.5492895761819656,2,2
niwl,2,16,F,Knitwick,13,2447.0,0.48510633689815336,3,5
vkce,4,22,F,Jamshire,10,1877.0,0.49622807702214056,8,13
fatf,1,30,M,Greycliffs,16,2447.0,0.4299319468077711,7,11
uwol,2,22,F,Threadbare,10,1964.0,0.5478641030425139,4,4
g6fm,1,21,F,Jamshire,12,2440.0,0.5138729835780079,2,3
at5y,4,42,M,Greycliffs,11,1235.0,0.3355127756740519,7,10
j8c8,1,31,F,Jamshire,12,2503.0,0.5700302494572695,1,1
e9m5,2,12,M,Threadbare,11,1879.0,0.40174858412496667,4,4
koj6,0,10,F,Slurpington,10,2779.0,0.6404144120441455,4,4
z58f,4,38,F,Jamshire,10,1677.0,0.515232140643424,2,2
3rkh,2,24,M,Gnome's Rest,18,4612.0,0.7134272838761592,4,8
73le,0,10,M,Soggy Hollow,12,1820.0,0.38786016520373073,4,4
mpf7,0,11,M,Soggy Hollow,13,2686.0,0.537697268890608,5,5
46vs,4,21,M,Greycliffs,11,1946.0,0.4713265173202064,3,5
2yf1,6,55,F,Narathil,12,2638.0,0.6663225994500821,4,4
35co,2,32,F,Gnome's Rest,21,5005.0,0.6425046478866167,4,8
o2r4,1,20,F,Jamshire,11,1890.0,0.4852994184654204,1,1
12m4,0,10,F,Soggy Hollow,12,2958.0,0.6861619658362645,5,5
kssx,2,34,M,Knitwick,11,2272.0,0.550796886447898,1,1
vpcs,1,27,M,Sugarbrook,11,1480.0,0.35459730410722684,5,7
utab,5,11,F,Soggy Hollow,15,3716.0,0.6917587406888904,3,3
zpon,4,20,F,Greycliffs,12,2057.0,0.43613838069151994,5,5
tkrf,1,31,F,Greycliffs,10,2220.0,0.5429890373020745,2,2
tuhy,2,24,F,Knitwick,16,3635.0,0.5572388706624074,4,5
mxtu,1,21,F,Greycliffs,14,2788.0,0.5242252994486452,3,3
i8j7,6,48,F,Shield Barrow,12,1715.0,0.3875465263704572,5,5
ktui,1,16,F,Puddington,10,2074.0,0.6253444520155031,2,3
k22r,4,16,M,Greycliffs,14,2737.0,0.468463122925845,5,7
y3w4,4,36,M,Puddington,15,2857.0,0.5215605066817041,5,8
rdu1,4,24,M,Puddington,10,1783.0,0.4735502764443935,7,9
yq7c,5,72,M,Slurpington,11,1877.0,0.4452449527070527,5,5
obje,1,22,M,Jamshire,11,2242.0,0.5928629137534417,1,1
sntj,5,12,F,Soggy Hollow,11,2004.0,0.5011801803764914,5,5
p8by,6,71,M,Duelburg,17,2710.0,0.4370601080100746,5,10
hqfg,0,14,M,Slurpington,11,1538.0,0.38798127997788473,2,2
bpqn,2,16,M,Threadbare,14,2949.0,0.5560244175656502,4,6
ex7d,5,10,F,Toadstool Marshes,10,2063.0,0.6048548409358062,6,6
dgwk,2,22,F,Threadbare,16,3084.0,0.49879502660394187,4,4
vapc,5,11,F,Soggy Hollow,11,2832.0,0.7842281991998367,2,2
wvxs,5,11,F,Soggy Hollow,11,2893.0,0.772147014004349,3,3
vvb6,5,16,M,Toadstool Marshes,11,2553.0,0.7228062646247809,5,5
gf8h,5,10,F,Dripwater Delta,15,3678.0,0.7549472723680826,8,8
tnbp,5,14,M,Toadstool Marshes,15,3140.0,0.6207331848995064,8,8
olll,5,16,F,Dripwater Delta,16,4150.0,0.7328412181678778,7,8
qdek,5,11,M,Dripwater Delta,10,2089.0,0.6033946827194729,3,3
1o1x,5,11,F,Dripwater Delta,14,3677.0,0.7989694316098305,3,3
hs9i,5,10,F,Soggy Hollow,11,2456.0,0.6183422727106657,4,4
u9h9,5,12,M,Toadstool Marshes,13,3915.0,0.8675599147137165,7,7
wxsy,4,24,M,Jamshire,10,1570.0,0.41117327893234207,6,11
apwm,5,31,F,Slurpington,10,2519.0,0.7542717092054094,3,3
krgh,5,11,M,Toadstool Marshes,12,1884.0,0.4456180659355926,7,7
q6n3,2,24,F,Gnome's Rest,15,3213.0,0.5826437910919375,4,5
4sel,5,12,F,Soggy Hollow,16,3320.0,0.6199479009886648,6,6
ueu3,4,19,F,Sugarbrook,27,4829.0,0.47398943227186735,5,6
2mkw,5,16,F,Soggy Hollow,15,3365.0,0.6653247903617977,6,6
qj4b,5,12,F,Soggy Hollow,14,3499.0,0.7523965586819495,6,6
28bt,5,15,F,Toadstool Marshes,11,2420.0,0.6305716423455948,5,6
cb1y,5,17,M,Soggy Hollow,10,2640.0,0.7990137410830568,5,6
9pda,5,14,F,Soggy Hollow,11,2530.0,0.64945105621767,7,7
dj5m,5,15,M,Dripwater Delta,15,3017.0,0.5716944381533005,8,9
dma9,5,14,M,Dripwater Delta,12,2977.0,0.734424636744513,4,4
v3eu,5,12,M,Soggy Hollow,14,3952.0,0.813025259170721,3,3
1s98,0,13,M,Dripwater Delta,11,2717.0,0.720948440878676,5,6
xy12,5,14,F,Soggy Hollow,12,2864.0,0.7091689044361958,2,2
bcf3,4,27,M,Sugarbrook,10,2621.0,0.7578964201142673,8,13
nkm4,5,13,F,Soggy Hollow,11,2536.0,0.647378936668198,5,5
liym,5,11,F,Slurpington,11,2659.0,0.7103798366045964,3,3
92ba,5,10,F,Toadstool Marshes,11,1866.0,0.5011770011066697,6,6
xthz,5,14,M,Soggy Hollow,10,1418.0,0.41525252349849556,6,6
sp5d,5,11,F,Slurpington,13,3106.0,0.6972488848386239,6,6
ieid,5,17,M,Toadstool Marshes,14,2889.0,0.6039930807172151,4,5
ath1,5,11,M,Toadstool Marshes,13,3709.0,0.8106337239269663,5,5
nqfo,5,16,M,Slurpington,12,2692.0,0.7172671977055399,5,5
ia4y,5,14,F,Slurpington,14,3701.0,0.7620827823523519,7,7
ysjf,5,16,M,Toadstool Marshes,10,1818.0,0.6276902276266187,5,5
lhdo,5,14,M,Soggy Hollow,12,3182.0,0.7865378274247781,5,5
pcpi,4,51,F,Greycliffs,15,3795.0,0.6352586520038436,5,5
exqq,2,13,F,Gnome's Rest,19,3906.0,0.557901113736525,4,8
pczq,5,12,M,Toadstool Marshes,11,2184.0,0.5769678378259908,3,4
q1fo,2,22,M,Gnome's Rest,10,2203.0,0.5400911460683164,2,2
wvgo,2,36,F,Gnome's Rest,13,2540.0,0.5118167991128938,4,5
ymw3,5,12,M,Dripwater Delta,12,2611.0,0.6701800222864414,6,6
t7ne,5,17,F,Slurpington,12,3107.0,0.7636473807318606,2,2
ytf5,1,29,M,Greycliffs,12,2582.0,0.5459736953993946,2,2
pg1y,5,56,F,Toadstool Marshes,11,2311.0,0.6354025969091793,5,6
bbnx,5,10,F,Slurpington,14,3151.0,0.6430485416545016,4,4
cryt,5,14,M,Dripwater Delta,15,3535.0,0.6739352909735771,6,6
el23,5,14,M,Soggy Hollow,15,3070.0,0.6198828447190198,3,3
bklg,5,12,M,Dripwater Delta,10,1907.0,0.5745318560081075,6,6
z631,5,10,F,Slurpington,11,2646.0,0.7063049962555344,6,6
hmt8,4,15,M,Sugarbrook,15,3022.0,0.4958049349246837,3,3
al1e,5,12,F,Toadstool Marshes,12,1764.0,0.4662848723380888,5,5
tsth,5,11,M,Dripwater Delta,10,1693.0,0.52882385292394,5,6
mvmf,5,14,M,Soggy Hollow,10,2271.0,0.6915612479952155,6,7
3wcn,5,24,NB,Soggy Hollow,11,2866.0,0.7661426020266439,7,7
sdr7,5,13,F,Soggy Hollow,13,4094.0,0.9378950435678989,5,5
9r6b,6,93,F,Shield Barrow,13,2153.0,0.4049386243506526,3,4
mqmv,4,51,M,Greycliffs,14,3225.0,0.6880831846441574,6,6
df81,1,17,F,Narathil,11,2428.0,0.6952728409370471,4,4
v1xr,5,12,M,Dripwater Delta,10,2507.0,0.7495446037047315,5,5
x77n,5,11,M,Slurpington,10,2020.0,0.5629390393223549,2,3
n8s6,5,17,M,Slurpington,15,2290.0,0.4500549255087636,6,6
mz7e,5,12,M,Slurpington,15,4473.0,0.8636647123797636,6,7
unpd,4,18,M,Jamshire,10,1908.0,0.5457433800960031,3,3
c46p,5,13,M,Toadstool Marshes,12,2369.0,0.5890900537740059,6,7
946b,5,13,M,Slurpington,12,2926.0,0.6860034352210304,6,6
89iz,4,43,F,Jamshire,15,2567.0,0.5432186263681815,5,5
w4nb,5,10,M,Dripwater Delta,15,3371.0,0.6634551494683527,5,6
7xd5,0,12,M,Toadstool Marshes,11,2100.0,0.5277112594710323,4,4
uir5,5,29,M,Dripwater Delta,12,3013.0,0.747065048567369,7,8
2z9u,5,19,F,Dripwater Delta,11,2051.0,0.5271974768852629,7,7
m5o9,6,88,F,Narathil,17,3341.0,0.5028470177849771,4,4
41bk,5,13,M,Toadstool Marshes,11,2103.0,0.5462148351460322,5,5
934b,4,49,F,Jamshire,10,2148.0,0.646639685426622,5,7
bhox,4,53,M,Gelatina Grove,14,1760.0,0.3611271279113883,3,6
gnd9,5,14,F,Slurpington,12,2758.0,0.7016901100073852,4,4
rsmc,5,11,F,Toadstool Marshes,10,2164.0,0.6450311915761209,5,5
kiuy,5,14,M,Slurpington,10,1880.0,0.5186186215161889,4,4
tdhz,5,10,F,Toadstool Marshes,10,2283.0,0.6801455702280548,3,3
1n39,5,15,NB,Toadstool Marshes,11,3413.0,0.8406347653277394,2,2
knub,0,11,F,Soggy Hollow,11,2602.0,0.5905096027328802,1,1
3t3r,5,16,M,Soggy Hollow,11,1676.0,0.4327996438968793,8,8
x455,5,39,F,Toadstool Marshes,12,2718.0,0.6671926756495635,3,3
mwgp,5,12,M,Toadstool Marshes,11,2226.0,0.5712479576510666,7,7
5cqk,1,34,M,Jamshire,11,2843.0,0.7253428504960528,2,2
h355,2,34,NB,Gnome's Rest,12,2611.0,0.5844666131625718,2,2
n69f,5,16,M,Toadstool Marshes,10,2357.0,0.66791250014855,5,5
9xo8,5,13,F,Dripwater Delta,11,2795.0,0.7038300021918542,4,4
j12u,5,17,F,Soggy Hollow,15,3208.0,0.6318163205344577,7,8
suyf,5,164,F,Soggy Hollow,15,3372.0,0.6747781847341908,5,5
4mkn,5,13,M,Toadstool Marshes,11,2554.0,0.6726065726624557,5,5
fni2,5,15,F,Toadstool Marshes,10,2154.0,0.5891013827145386,6,7
zdmk,5,12,M,Slurpington,10,2320.0,0.6697955927336616,4,4
21me,5,13,NB,Toadstool Marshes,13,2369.0,0.559999005872736,6,6
7tpy,5,14,M,Dripwater Delta,10,2539.0,0.6620508845645581,4,4
gtab,5,17,F,Dripwater Delta,14,3628.0,0.7232104134984157,7,7
3111,5,12,F,Dripwater Delta,11,1701.0,0.4105413611498546,6,6
8xvy,5,11,M,Toadstool Marshes,10,2099.0,0.6220895577596749,4,4
9t6f,3,28,F,Sugarbrook,17,3692.0,0.6386794647321026,6,10
99h4,5,10,F,Toadstool Marshes,10,2315.0,0.6297189894253669,3,3
ni5o,5,36,F,Dripwater Delta,13,2579.0,0.5824122115679343,5,5
e8tz,5,12,F,Soggy Hollow,11,2510.0,0.6751754013012589,5,5
462i,5,12,F,Slurpington,16,3586.0,0.6155786390842966,7,7
kakk,5,12,M,Dripwater Delta,13,3289.0,0.7409190514652343,7,7
te7a,2,33,F,Threadbare,15,3948.0,0.769991004388652,4,6
2i5f,0,13,F,Dripwater Delta,11,2130.0,0.6055668975042937,3,3
n93w,5,20,F,Dripwater Delta,11,2426.0,0.6295060323432952,3,3
ueno,5,12,M,Dripwater Delta,10,1947.0,0.5828264731988864,2,2
bd3h,2,32,F,Threadbare,12,2669.0,0.5660293177374546,4,8
z36f,5,12,F,Soggy Hollow,10,2908.0,0.8260198457465154,3,3
qly9,6,22,F,Shield Barrow,11,1663.0,0.3585793889525279,4,4
8nxi,5,18,M,Dripwater Delta,13,2945.0,0.6532742610307476,6,6
xnr4,5,13,F,Dripwater Delta,13,2803.0,0.6425813697593425,5,5
21r7,0,12,M,Dripwater Delta,10,1995.0,0.4924373114852606,4,4
i8l1,0,12,M,Toadstool Marshes,17,4133.0,0.6584571414764413,5,5
zmje,5,11,F,Toadstool Marshes,11,2189.0,0.575968223917862,1,1
g7wz,5,12,F,Dripwater Delta,15,3360.0,0.6411123761201728,5,5
ol4m,6,12,F,Shield Barrow,15,3150.0,0.6320371659844731,5,9
5gz2,5,14,M,Soggy Hollow,11,2321.0,0.6079162309909513,4,5
n43a,5,13,M,Toadstool Marshes,11,2343.0,0.6356272576305778,5,5
wbr8,5,11,F,Toadstool Marshes,13,3428.0,0.7353045699249197,4,4
kqi7,5,18,M,Toadstool Marshes,13,3453.0,0.7834737084667912,7,7
xc8k,4,14,NB,Muckminster,11,1870.0,0.4678669513771764,3,5
9d42,5,14,M,Dripwater Delta,11,3356.0,0.8428955818069549,2,2
ksrj,5,14,NB,Toadstool Marshes,11,2008.0,0.5494114716181827,3,3
rv8l,5,14,F,Dripwater Delta,13,2235.0,0.5721267283138919,4,4
q9he,5,14,M,Dripwater Delta,13,2023.0,0.4518615461962744,4,5
jyu9,5,17,F,Slurpington,11,2775.0,0.6827961701063829,5,5
c4rs,5,40,M,Toadstool Marshes,12,2122.0,0.5828123281850225,3,3
mdx2,2,25,M,Threadbare,11,2692.0,0.6167218357216622,2,3
qj9g,5,14,M,Toadstool Marshes,10,1939.0,0.5637314873696455,8,8
of3q,6,109,M,Narathil,12,2086.0,0.3938100320596913,4,4
3ew1,5,11,F,Slurpington,15,3118.0,0.6456988437152834,8,8
u4b3,4,16,F,Puddington,11,2046.0,0.5220649069181648,4,4
7up4,2,17,F,Gnome's Rest,12,2251.0,0.4978702140389813,4,7
eue7,5,14,F,Dripwater Delta,11,2238.0,0.5770153709654157,4,4
yy3p,5,11,M,Dripwater Delta,11,2681.0,0.7312550660487698,5,5
6y9k,5,11,F,Dripwater Delta,11,2520.0,0.6489413303366154,3,3
lnvc,6,14,M,Duelburg,17,3477.0,0.6178563695730145,4,6
861m,5,16,M,Toadstool Marshes,11,2692.0,0.7484763825178498,5,5
1mmv,4,52,F,Jamshire,23,4722.0,0.6039729544991997,9,16
4mws,5,12,M,Soggy Hollow,11,1418.0,0.37395035839908103,4,4
fnsx,5,12,F,Slurpington,12,2331.0,0.5772186517962655,5,6
bjdp,5,12,M,Dripwater Delta,14,3217.0,0.682356248645161,3,3
cfka,5,18,F,Soggy Hollow,10,2311.0,0.6283764703041391,7,7
zo2e,5,15,M,Soggy Hollow,10,2002.0,0.5689493124597125,1,1
alnf,5,15,M,Toadstool Marshes,13,3042.0,0.6697976021535071,8,8
izaw,5,13,F,Toadstool Marshes,12,2403.0,0.5742875644342009,7,8
nr79,5,13,F,Soggy Hollow,10,1944.0,0.541465960041618,6,7
aoe1,5,12,F,Soggy Hollow,14,3203.0,0.6658998534047997,5,6
wbpl,5,16,M,Soggy Hollow,14,2945.0,0.6154834984107607,5,5
hsbm,5,13,M,Dripwater Delta,13,2680.0,0.6147560729454141,6,6
yaha,5,14,F,Toadstool Marshes,16,3606.0,0.6761726332167198,7,7
qzjv,5,20,F,Toadstool Marshes,13,2987.0,0.6651647201268325,4,4
1dby,5,11,F,Toadstool Marshes,12,2565.0,0.6293511465832614,6,7
a9p7,4,46,F,Boggy Bottom,10,1966.0,0.5157860160447989,3,5
p4j1,1,40,F,Greycliffs,11,2595.0,0.6287268804727231,2,2
qy29,3,50,F,Jamshire,12,2177.0,0.5050548360279742,6,6
3xxu,5,13,M,Slurpington,12,2541.0,0.587400793789686,6,6
h9t1,4,43,M,Puddington,19,3636.0,0.5356856700872148,7,9
vbpa,5,10,F,Toadstool Marshes,10,2115.0,0.6423332019986329,5,5
azuj,5,12,M,Toadstool Marshes,13,2410.0,0.48113170265137284,2,2
x4f1,5,14,M,Slurpington,11,2487.0,0.6207493715312323,4,4
y981,6,128,M,Duelburg,17,3400.0,0.5907233314747851,2,3
97v7,5,15,M,Dripwater Delta,15,4040.0,0.7803858482996763,5,5
bdu4,5,12,M,Slurpington,11,2487.0,0.6253910923531171,6,6
qseu,5,15,M,Slurpington,11,2849.0,0.7599733243112774,5,5
dy7w,5,12,M,Toadstool Marshes,10,1818.0,0.4819730022264802,6,7
edxt,4,41,F,Jamshire,13,2554.0,0.5684233926005837,5,6
xx13,6,12,F,Duelburg,11,2545.0,0.611891673370938,5,8
o97d,5,11,F,Soggy Hollow,11,2580.0,0.7098438764837147,7,7
tsic,5,12,F,Slurpington,11,2325.0,0.5825693080870455,7,7
qhva,5,11,M,Slurpington,10,2207.0,0.593336959110966,5,5
52st,5,17,M,Toadstool Marshes,20,5199.0,0.7630356464551864,8,8
u9l3,4,20,M,Sugarbrook,13,3231.0,0.797317668911457,5,5
q53d,5,12,M,Toadstool Marshes,13,3249.0,0.6820402795525531,1,1
q6ce,5,15,F,Dripwater Delta,10,1853.0,0.5469684692724469,5,6
mnxn,5,14,M,Toadstool Marshes,12,1986.0,0.5017239299584824,3,3
27qg,4,37,F,Sugarbrook,18,3180.0,0.5040727071626544,8,12
hfbz,5,17,F,Dripwater Delta,16,3369.0,0.619463514148456,6,6
hn7x,4,52,M,Jamshire,17,3218.0,0.5790108537742424,8,14
ifif,5,18,F,Toadstool Marshes,10,2082.0,0.5729208347172773,4,4
3w33,5,10,F,Toadstool Marshes,13,2362.0,0.5344082291142284,2,2
w7f9,0,13,M,Dripwater Delta,10,1871.0,0.5195003254431839,2,2
khxq,5,14,F,Slurpington,12,2455.0,0.5664235720843452,8,9
9bte,4,54,M,Sugarbrook,17,4181.0,0.7201318203209444,6,9
bpad,5,16,M,Slurpington,11,2424.0,0.6198148329647126,7,7
n2v9,5,11,M,Dripwater Delta,14,3328.0,0.6418730962336816,4,4
dtzs,5,17,F,Soggy Hollow,12,2101.0,0.5176887309960675,4,5
guoy,4,13,F,Sugarbrook,10,1531.0,0.41641085321830495,4,5
oy4l,5,13,F,Soggy Hollow,11,1727.0,0.44704952571663803,6,7
o7l6,4,22,M,Sugarbrook,10,1961.0,0.4900361746459617,7,10
1zow,3,28,F,Puddington,11,2835.0,0.6887883832166659,5,5
mv1t,5,12,F,Soggy Hollow,17,3733.0,0.6261700079590864,2,2
qrxa,4,27,M,Sugarbrook,14,2682.0,0.5415464190932152,8,14
rcn2,5,10,F,Soggy Hollow,12,2114.0,0.5069822238467043,5,5
1o3i,5,15,M,Soggy Hollow,11,2912.0,0.7681214394557814,6,6
crw3,5,13,F,Slurpington,10,2122.0,0.5746855299126798,2,2
dt4h,4,47,F,Greycliffs,13,3226.0,0.7297182353027132,9,14
4npl,5,11,M,Dripwater Delta,11,2378.0,0.6020413810194731,3,3
5icq,5,13,M,Soggy Hollow,13,1999.0,0.4343700588447105,6,7
b1mk,5,13,F,Soggy Hollow,13,2495.0,0.526700166351006,6,6
mymh,5,11,F,Soggy Hollow,11,2648.0,0.7462481646835751,5,5
mlc2,4,32,F,Greycliffs,10,1401.0,0.38280224107124206,4,4
fzqc,4,38,M,Puddington,18,2958.0,0.4749005247811105,7,9
l1te,5,116,M,Dripwater Delta,12,2446.0,0.5655215744326857,4,5
php7,5,16,M,Slurpington,13,2891.0,0.6103717669299645,6,6
5spq,5,10,M,Dripwater Delta,11,2022.0,0.5209942557939524,2,3
cwmi,5,13,M,Slurpington,10,2203.0,0.6274129592090338,4,4
tlal,5,14,M,Slurpington,11,1540.0,0.4217638008719049,5,6
jagg,5,10,M,Dripwater Delta,14,2928.0,0.5578917052220285,8,8
4jao,3,43,F,Sugarbrook,22,4184.0,0.5354746177800401,7,13
cpot,5,10,M,Slurpington,11,2138.0,0.5082446782593,8,10
26mz,5,10,M,Slurpington,11,2590.0,0.6577650840830783,4,5
hjgh,4,11,M,Gnome's Rest,11,1442.0,0.28665239294014055,2,2
73ci,2,15,M,Threadbare,11,1892.0,0.38364878259783064,4,4
fs8q,4,19,M,Sugarbrook,20,3444.0,0.5323863171913712,7,11
kjf2,5,16,M,Toadstool Marshes,15,3042.0,0.6097379720563904,5,5
p8xm,4,28,M,Greycliffs,14,3057.0,0.5803573261360879,6,9
txzc,5,176,M,Dripwater Delta,13,2863.0,0.7000043383463499,5,6
ln2v,5,14,M,Slurpington,13,2705.0,0.586935762750374,5,6
3xvw,0,11,F,Toadstool Marshes,14,3517.0,0.6642174313720318,5,5
36j8,4,40,M,Gelatina Grove,11,2213.0,0.6030316076581875,3,6
xf53,2,14,M,Threadbare,17,3003.0,0.4705331637485642,4,5
z8m3,3,43,M,Greycliffs,14,2463.0,0.5212626488160781,7,7
43wh,2,26,NB,Knitwick,19,3921.0,0.5409267908079401,4,6
lcfu,5,13,M,Slurpington,14,3602.0,0.7799408250417924,7,8
7los,5,10,F,Soggy Hollow,10,2552.0,0.7402017969743301,6,6
k3zh,5,10,M,Soggy Hollow,11,2811.0,0.7898284087148822,2,2
8juw,5,14,M,Soggy Hollow,12,2231.0,0.5293532569603382,5,5
3u9n,4,12,F,Puddington,11,1990.0,0.43566387123427736,4,5
4jju,4,17,M,Muckminster,13,2759.0,0.6444507773621547,3,5
w5uy,5,10,F,Toadstool Marshes,12,1802.0,0.414966991010528,4,4
4v2i,0,11,M,Toadstool Marshes,19,4581.0,0.6484609619433973,5,5
7xdv,2,18,F,Threadbare,12,1273.0,0.3050042158827484,4,7
wlry,4,36,M,Puddington,10,2226.0,0.607790523581203,6,10
2ci2,0,33,F,Toadstool Marshes,11,2023.0,0.5039025085278399,4,4
ma5s,5,11,F,Soggy Hollow,14,3970.0,0.8403492231552832,4,4
yims,2,15,M,Threadbare,13,2477.0,0.466060890990408,4,7
2yfd,5,14,F,Toadstool Marshes,11,1990.0,0.5364450814337633,6,6
sm7d,1,59,F,Shield Barrow,16,3227.0,0.6870310631794528,4,6
a2wm,0,34,M,Soggy Hollow,17,3472.0,0.5883560374503684,8,8
elrs,2,15,NB,Knitwick,19,2947.0,0.4067146360225976,4,6
jz9a,5,15,F,Toadstool Marshes,14,3068.0,0.6686958652226246,5,5
8hu4,5,13,F,Toadstool Marshes,12,2701.0,0.6457796827170993,6,7
p69q,5,10,F,Toadstool Marshes,10,1832.0,0.5711537214643646,4,4
mx6s,5,17,M,Toadstool Marshes,11,3113.0,0.8116133479852491,5,5
vrbc,4,16,M,Greycliffs,16,1865.0,0.29577478436740146,7,11
9cvx,2,22,M,Knitwick,13,2539.0,0.5090023412711175,4,6
qcnp,5,14,M,Toadstool Marshes,14,3134.0,0.6825771312304255,4,4
bj37,1,15,M,Greycliffs,10,1836.0,0.4589763612168893,2,2
gyed,4,16,M,Sugarbrook,18,2473.0,0.35794970389391123,6,6
tdfw,4,13,M,Jamshire,16,2832.0,0.473565407340834,8,10
cmy8,2,21,F,Threadbare,15,2513.0,0.4633187282547137,3,4
1tm7,2,15,M,Threadbare,16,2670.0,0.43226873183473047,4,8
sea8,5,16,M,Toadstool Marshes,11,2561.0,0.650036376197461,4,4
iebf,4,54,M,Greycliffs,16,2829.0,0.5446270145349875,8,13
o65k,4,44,M,Greycliffs,12,2490.0,0.6674505440398361,7,10
se7i,5,17,M,Dripwater Delta,11,2157.0,0.5860814914260524,7,9
5li5,0,12,M,Slurpington,11,1623.0,0.39254858905312473,5,5
syv1,5,17,F,Soggy Hollow,15,2903.0,0.5347883009587755,6,6
ixun,5,15,M,Slurpington,13,3282.0,0.7277545457304686,4,4
s8tg,5,14,NB,Soggy Hollow,14,2566.0,0.550226391652883,3,3
mprj,1,28,M,Greycliffs,13,2317.0,0.5160596704691922,2,2
4wl7,5,16,F,Slurpington,11,1294.0,0.3332208150533496,4,4
lntx,4,38,F,Greycliffs,17,2328.0,0.44080369762937716,7,10
5qjq,5,14,M,Dripwater Delta,16,3487.0,0.6513176010539663,4,4
su7h,0,12,F,Slurpington,11,2706.0,0.6726928950945488,3,3
2u7g,6,36,F,Duelburg,10,1872.0,0.49430933277895095,1,1
jwpy,2,19,M,Threadbare,11,2232.0,0.5351157766311215,4,7
82o2,5,11,M,Soggy Hollow,14,3050.0,0.634692598360903,5,5
qm3g,4,24,M,Puddington,15,2742.0,0.5521074559009423,5,6
w9t3,2,34,F,Knitwick,12,2700.0,0.6235106387580334,4,7
z76b,4,22,F,Sugarbrook,15,3168.0,0.566464906720148,6,9
fy7b,5,19,M,Toadstool Marshes,13,3410.0,0.7821074915262011,8,9
6lh2,2,12,M,Threadbare,17,1968.0,0.2877942344369674,4,4
w7by,2,28,M,Threadbare,10,1576.0,0.42901796276383874,4,8
2619,5,12,M,Dripwater Delta,15,2284.0,0.44764573846200406,4,5
kbgk,6,19,F,Shield Barrow,10,1546.0,0.4198142799932848,3,3
aqsp,2,27,F,Knitwick,13,3354.0,0.6889713672410733,4,6
t1h7,1,20,M,Jamshire,19,3516.0,0.5259429112401414,5,7
cold,5,15,M,Soggy Hollow,12,2749.0,0.661982777997972,6,6
ol7j,5,13,M,Soggy Hollow,16,4355.0,0.7725410125815703,6,7
38wa,4,39,M,Greycliffs,16,3146.0,0.5605970048086603,9,11
hodi,4,37,F,Jamshire,15,1971.0,0.40047761635890133,6,9
t12y,5,35,M,Toadstool Marshes,13,2748.0,0.6201611383272935,6,7
g8ii,2,40,M,Knitwick,12,2314.0,0.5490617815326084,4,7
wvde,4,11,F,Threadbare,10,1267.0,0.28208558382293425,2,2
5ej3,3,44,F,Jamshire,14,2962.0,0.635575532040287,4,7
g7co,5,12,M,Toadstool Marshes,10,1549.0,0.4139740588405261,4,4
sy11,5,10,F,Toadstool Marshes,11,1867.0,0.4927516219700655,4,4
ahon,4,12,M,Jamshire,10,1429.0,0.3859040259136805,6,7
qwxg,5,10,F,Dripwater Delta,11,1680.0,0.41394491793163435,5,5
2w48,4,35,M,Sugarbrook,22,3872.0,0.5281972268973942,8,13
39we,3,28,M,Greycliffs,14,3325.0,0.7067590219899247,5,7
1mqf,4,19,M,Sugarbrook,16,3045.0,0.5472358818309451,5,6
z3c6,5,12,F,Toadstool Marshes,11,2518.0,0.6729774692225479,8,11
pdy5,1,24,M,Sugarbrook,12,2802.0,0.6883342851402028,1,1
c3hx,5,13,F,Soggy Hollow,17,3230.0,0.5576682550590296,5,5
di6q,0,11,M,Toadstool Marshes,11,1945.0,0.483901787126926,5,5
jmed,4,51,M,Greycliffs,19,3638.0,0.551052635724929,6,11
wzl5,5,11,M,Toadstool Marshes,10,2551.0,0.7871326546917077,3,3
y6iy,5,10,M,Soggy Hollow,11,2451.0,0.6286033991205856,4,4
fj1m,4,37,M,Puddington,24,5010.0,0.6372884631379595,9,14
izjc,2,25,M,Gnome's Rest,13,3173.0,0.6318986659805229,3,4
s2gf,4,13,M,Greycliffs,11,2563.0,0.601666103545995,6,7
ujif,4,40,M,Puddington,12,1503.0,0.3646208272929719,6,10
8j1l,6,13,M,Narathil,13,2941.0,0.695318653089309,4,5
gx2d,4,19,M,Greycliffs,12,2023.0,0.4295817284587746,7,11
ng83,5,12,F,Toadstool Marshes,16,3605.0,0.6595413768318187,5,5
n45q,5,11,F,Slurpington,11,2263.0,0.6189292880913917,6,6
ejeh,3,50,M,Jamshire,18,3241.0,0.5384246564916713,9,15
vojs,4,14,F,Greycliffs,20,3376.0,0.415957856993319,5,6
73ul,1,50,M,Shield Barrow,11,1583.0,0.44922216046623226,5,5
8q7q,0,10,F,Slurpington,10,1339.0,0.3411822473712077,7,7
amrx,5,13,M,Soggy Hollow,14,2746.0,0.5632594963814491,3,3
9ob6,5,12,F,Dripwater Delta,10,1981.0,0.5842921910385613,2,2
koc9,0,65,F,Soggy Hollow,15,2621.0,0.48605840953608453,5,5
6v2h,4,25,M,Greycliffs,13,1832.0,0.4273652159966378,6,7
3w8p,5,11,M,Toadstool Marshes,10,1957.0,0.5622435462225466,3,3
smld,4,23,M,Sugarbrook,13,2774.0,0.6757433316040399,9,11
q3hu,4,42,F,Greycliffs,10,1176.0,0.3422676491031442,6,8
65m1,5,15,M,Slurpington,13,2250.0,0.5048604176878952,5,5
udya,4,10,M,Muckminster,10,2054.0,0.4998251387152326,3,5
wu93,5,12,F,Soggy Hollow,13,2428.0,0.5426349404977944,7,7
uf87,0,12,F,Soggy Hollow,16,3416.0,0.616029951196075,2,2
z2wn,4,16,F,Jamshire,24,3696.0,0.41915590976510364,7,9
1n4q,6,87,F,Duelburg,11,2267.0,0.5595865356029814,2,2
nkb4,4,17,F,Jamshire,22,3749.0,0.43542014189283956,8,10
xtrc,5,13,F,Toadstool Marshes,12,1933.0,0.41977494658837533,6,8
cond,5,12,M,Soggy Hollow,10,2028.0,0.5898915715407009,6,6
gxfk,6,14,F,Duelburg,17,2827.0,0.44114574725074635,3,3
y7ef,4,30,F,Puddington,13,1770.0,0.4103285902368257,7,9
hhf4,5,14,F,Toadstool Marshes,11,2030.0,0.5256403157224852,7,8
o7ho,5,11,F,Slurpington,10,2313.0,0.6136243537590239,4,4
knv6,5,18,M,Dripwater Delta,10,2779.0,0.8337880267037215,4,5
42rn,2,41,F,Knitwick,12,2896.0,0.6686512361425588,4,6
g9b5,5,15,F,Dripwater Delta,13,2511.0,0.5763865914509123,5,5
wjqp,4,42,M,Puddington,19,3917.0,0.6287102741756275,3,4
x9ab,4,17,F,Gelatina Grove,13,2421.0,0.4313419490675673,3,4
pr35,5,11,F,Slurpington,11,2178.0,0.5366561678286689,4,4
f7jk,4,45,NB,Puddington,17,3313.0,0.5952646591327834,8,11
54bh,5,14,NB,Toadstool Marshes,17,4358.0,0.771217700812442,5,5
t58z,6,92,F,Shield Barrow,13,2639.0,0.6707933593330447,5,7
3jcy,5,13,NB,Slurpington,14,3085.0,0.6450121289294831,4,4
3cbm,5,11,M,Toadstool Marshes,12,2459.0,0.6097136004587353,4,4
jsox,1,12,F,Shield Barrow,11,2058.0,0.6020325374799771,1,1
mg5f,5,10,F,Soggy Hollow,10,1884.0,0.5385964858737503,2,2
y4cj,5,16,F,Soggy Hollow,15,2968.0,0.5796149033641214,8,8
8z7z,5,13,M,Toadstool Marshes,11,2239.0,0.5823845232749939,5,5
ucjq,0,11,M,Soggy Hollow,10,1545.0,0.39962963440109067,6,6
ifmy,1,31,F,Jamshire,11,2217.0,0.5357022203082359,1,1
lpzy,4,28,M,Muckminster,10,1420.0,0.4269876906989887,3,6
2uqs,5,14,F,Toadstool Marshes,11,2072.0,0.5771383106250616,3,3
clrw,2,10,F,Threadbare,11,2007.0,0.4362118038098133,1,1
bxxy,4,16,F,Sugarbrook,17,2164.0,0.3217717811791452,8,11
dka8,5,13,F,Toadstool Marshes,12,3019.0,0.7429282916062716,4,5
7l9n,5,12,M,Dripwater Delta,11,1688.0,0.4460499337366856,5,5
6oi7,2,39,F,Knitwick,13,2728.0,0.603636496388737,4,4
wb2y,4,46,F,Boggy Bottom,10,1706.0,0.4949594491741256,3,5
6gok,5,14,M,Dripwater Delta,12,2661.0,0.6347316021078602,5,5
3vqr,4,17,M,Jamshire,14,2739.0,0.5438604556047113,5,7
lnnr,4,18,F,Puddington,18,3017.0,0.4422977837394145,9,14
u79n,5,11,F,Toadstool Marshes,10,2141.0,0.5999777309112465,6,6
k9lj,5,14,F,Slurpington,11,1865.0,0.45565294317634125,6,7
su8n,5,13,F,Dripwater Delta,12,2706.0,0.6146887152457032,2,2
x5hz,5,12,F,Slurpington,12,2455.0,0.6242838038288422,6,7
ziov,4,40,M,Sugarbrook,12,1895.0,0.4318329679408113,8,12
z9oe,4,31,M,Greycliffs,10,1937.0,0.5700933217379639,6,8
mpcw,6,44,M,Shield Barrow,13,2568.0,0.5122439180115457,4,4
3if3,4,43,M,Sugarbrook,11,2137.0,0.5321619886898977,8,11
3ywn,5,10,M,Soggy Hollow,10,2049.0,0.5974423401535085,4,4
ygz6,4,19,M,Puddington,10,2613.0,0.660346453814409,5,8
k9ou,4,35,F,Puddington,10,1598.0,0.47099331571111946,6,8
71t8,5,18,M,Slurpington,10,1941.0,0.5787608007440361,5,5
k4vc,4,28,F,Greycliffs,11,2178.0,0.57807059540466,4,6
6ps2,4,21,M,Puddington,12,2701.0,0.6321731878805378,2,2
89sn,6,168,M,Duelburg,12,2323.0,0.5809673695963625,2,2
4sgg,2,30,M,Gnome's Rest,10,2230.0,0.6312390500774198,4,6
4jv6,2,16,F,Gnome's Rest,10,2058.0,0.5731153400469646,2,2
owpx,5,11,F,Soggy Hollow,12,2560.0,0.6277449594505226,5,5
pucb,5,11,F,Toadstool Marshes,11,2664.0,0.7053226318157413,5,6
2qwc,1,28,F,Puddington,10,1671.0,0.4548506282150864,5,6
km6x,5,11,M,Dripwater Delta,10,1986.0,0.534419705250515,4,4
895u,4,37,M,Jamshire,13,3426.0,0.7269574891855027,9,16
vfo5,2,29,F,Threadbare,10,1969.0,0.5292583245727482,3,3
sm7z,5,15,M,Dripwater Delta,14,3766.0,0.7873901996564072,2,2
veoe,5,15,M,Slurpington,10,2560.0,0.7476169955545854,3,3
la84,5,14,F,Dripwater Delta,11,2319.0,0.6188540246858852,4,4
cpuk,1,29,M,Jamshire,11,1968.0,0.47493960625936676,1,1
9oxf,6,12,F,Narathil,10,2240.0,0.6579567848670157,3,4
kxdf,6,49,M,Shield Barrow,13,2008.0,0.4655141702960288,4,5
tfle,2,31,NB,Knitwick,14,2518.0,0.5231934424531094,4,8
jw66,5,14,F,Toadstool Marshes,10,1982.0,0.5750314386924961,6,6
x7r6,5,20,F,Dripwater Delta,10,2474.0,0.7768062866638181,6,6
rldu,5,12,F,Dripwater Delta,13,2235.0,0.5055277837574235,3,3
9y3r,5,11,M,Dripwater Delta,11,2719.0,0.6517292027257185,3,3
p2wq,3,49,F,Sugarbrook,21,4723.0,0.7073379525372295,6,9
z3u8,4,62,F,Sugarbrook,25,5707.0,0.7066794417605372,8,14
7kuf,5,18,M,Dripwater Delta,10,2705.0,0.7905731580801068,2,3
bke6,0,13,M,Toadstool Marshes,11,2311.0,0.5367162985995793,7,8
ge84,4,41,F,Jamshire,18,3044.0,0.5260470083144434,8,12
now1,5,17,M,Toadstool Marshes,16,3004.0,0.5318599029577291,8,9
s2o9,5,15,F,Soggy Hollow,10,2340.0,0.6600157691135878,5,6
orco,4,16,F,Sugarbrook,13,1649.0,0.34737910871944755,7,8
2i6z,0,12,F,Slurpington,15,3247.0,0.633131583174812,4,4
bsye,0,25,M,Soggy Hollow,15,3263.0,0.600668340165135,5,5
u9qy,4,16,M,Jamshire,12,2229.0,0.4769209440191599,4,6
nhay,5,12,F,Toadstool Marshes,11,1926.0,0.4912687468468274,7,7
lr3u,1,16,F,Puddington,11,1523.0,0.38054097694221123,2,2
jo87,5,13,M,Slurpington,10,1898.0,0.5298267347044037,2,3
j5jc,2,19,M,Knitwick,11,2168.0,0.47579387962057235,4,4
2do9,1,20,M,Sugarbrook,15,2984.0,0.5109193249634191,7,10
hr7w,2,21,F,Gnome's Rest,13,2048.0,0.3928305176515774,4,7
aew9,1,23,F,Jamshire,10,1485.0,0.34575496664483446,2,2
1r6e,0,11,F,Toadstool Marshes,15,3097.0,0.5662614155649821,3,3
mat7,4,33,M,Sugarbrook,13,2630.0,0.6002365974528927,5,8
nukz,4,28,F,Puddington,11,2616.0,0.6465236542961291,8,12
9ey4,4,46,F,Jamshire,14,2874.0,0.6274453375767004,6,8
6e6z,5,11,M,Dripwater Delta,12,2130.0,0.5412161881238673,5,5
ebs6,0,10,F,Dripwater Delta,12,2805.0,0.6568255396761583,3,3
gaqz,4,13,M,Jamshire,13,1653.0,0.32485929912805706,2,3
xlb7,2,13,F,Gnome's Rest,12,2797.0,0.5833968107489514,4,8
qpoa,3,72,M,Sugarbrook,21,2781.0,0.4079497465086067,9,17
5khg,2,19,F,Threadbare,11,1653.0,0.41246618353013065,1,1
wyz7,4,24,M,Jamshire,17,2962.0,0.511315916838803,9,16
iy1f,4,36,M,Jamshire,13,3458.0,0.7639258513033222,5,5
3x4y,4,28,F,Greycliffs,16,3045.0,0.5537060724974423,6,10
9pi7,4,60,M,Greycliffs,12,2551.0,0.6555314080680936,3,4
4m4v,0,13,F,Toadstool Marshes,11,2155.0,0.5718018332077894,3,3
fx9c,1,27,F,Puddington,10,1490.0,0.37400392011708633,2,3
dve7,4,18,M,Puddington,11,2752.0,0.698761737540097,5,6
62bn,4,17,M,Sugarbrook,17,3110.0,0.5006971589875254,6,6
9rzn,6,10,F,Duelburg,11,2499.0,0.7080550774472101,5,7
6v16,4,23,F,Gelatina Grove,14,2538.0,0.4691237904363413,3,6
6jfw,6,2998,M,Duelburg,15,2539.0,0.5601199026189221,3,3
s7sg,6,12,F,Duelburg,11,2276.0,0.6127436661253504,5,8
36xl,5,16,M,Toadstool Marshes,13,2752.0,0.5714526263297939,1,1
kosd,6,160,F,Duelburg,11,1968.0,0.5058370234746236,5,6
3wv2,6,106,M,Shield Barrow,14,2186.0,0.4783494152774125,5,9
eox1,4,27,M,Jamshire,10,1936.0,0.5718987541339804,4,4
n8yo,6,115,F,Narathil,12,2681.0,0.6645668466003197,4,6
f84i,2,35,F,Gnome's Rest,10,1791.0,0.49686398709757845,4,6
gix1,6,588,F,Shield Barrow,10,1460.0,0.476615069966645,5,7
vupj,6,175,F,Duelburg,13,2148.0,0.5450327769751835,5,8
abfl,6,1043,F,Duelburg,10,1168.0,0.3758332455077498,5,5
4ovo,4,19,F,Jamshire,16,2590.0,0.41595271754721314,9,14
h5du,4,31,F,Greycliffs,13,1890.0,0.4006729373438767,8,9
j4ki,5,12,F,Soggy Hollow,11,2275.0,0.6020333895598969,4,4
69gg,6,130,M,Duelburg,12,2063.0,0.6169474304148078,3,4
g69q,6,11,F,Duelburg,13,2146.0,0.6116637433986868,5,6
l9yo,1,22,M,Sugarbrook,12,2472.0,0.5966713774590812,2,3
vltc,4,11,F,Greycliffs,12,1964.0,0.4001437218398299,5,5
3smb,6,68,F,Duelburg,13,2275.0,0.5418772666975841,4,5
5vp8,6,2502,M,Shield Barrow,12,1866.0,0.5003636633398947,5,7
owp4,6,1470,M,Narathil,16,3289.0,0.7024281870109361,5,7
oyhs,1,21,M,Puddington,11,2172.0,0.6021414239376168,2,3
yok1,0,10,F,Slurpington,11,1812.0,0.4212696517505224,5,5
eqsz,0,37,M,Slurpington,20,4336.0,0.5902354262311272,6,7
8t1x,6,1096,F,Duelburg,10,1586.0,0.4938617000368117,2,2
tvro,6,144,F,Narathil,10,1611.0,0.531134256586364,5,7
3fz9,5,13,M,Slurpington,10,2237.0,0.640094469844197,8,8
ufpe,1,16,F,Greycliffs,10,2494.0,0.6909805128436628,1,1
mt1a,6,476,M,Shield Barrow,12,2675.0,0.7115947599949869,5,7
fgkg,6,79,M,Shield Barrow,11,1572.0,0.4405464455492879,2,2
ptyx,4,24,M,Jamshire,10,1989.0,0.5219696330688146,4,5
kbzq,6,1738,M,Duelburg,12,2129.0,0.5931002552341869,5,6
9cx2,5,15,M,Slurpington,10,2202.0,0.6495962994266417,3,3
y5bv,4,18,M,Sugarbrook,15,2295.0,0.4164595647547155,3,3
8msw,4,12,F,Jamshire,11,1549.0,0.36518675555823454,6,6
p3wf,5,20,F,Dripwater Delta,10,1801.0,0.5646791680689708,5,6
gr7s,6,1877,F,Duelburg,13,2803.0,0.7203414022997402,3,3
689k,6,127,F,Shield Barrow,14,3281.0,0.7353807907837578,5,7
o186,4,32,M,Jamshire,27,5328.0,0.6124891774218795,8,17
hfbr,4,29,M,Sugarbrook,13,2699.0,0.5416676601778245,8,19
qwif,6,127,F,Duelburg,11,2063.0,0.6322853268387075,4,5
f3s5,6,400,F,Narathil,12,2676.0,0.7190950861139819,4,4
nu7a,6,175,M,Shield Barrow,10,1378.0,0.4717216489904891,5,7
w3dz,5,14,F,Dripwater Delta,12,2310.0,0.5569338700627239,5,6
ng52,2,21,F,Gnome's Rest,12,2271.0,0.5012287753133847,4,6
x426,5,11,M,Dripwater Delta,11,2131.0,0.5432709368560432,3,3
5nhs,4,16,F,Sugarbrook,19,2129.0,0.3213480734853104,7,14
dhk5,1,14,F,Greycliffs,12,1877.0,0.4445241692395443,2,2
a5nf,6,12,M,Narathil,11,2255.0,0.6388277856568491,3,4
zzoq,4,28,F,Jamshire,17,2346.0,0.35615837992582805,8,16
hgs2,6,113,F,Shield Barrow,20,2915.0,0.4994577692706228,5,7
n8nx,6,1469,F,Narathil,13,2773.0,0.6594871068190914,5,7
lu3e,6,215,M,Duelburg,13,3072.0,0.7323846624659167,3,3
6i5g,5,16,F,Toadstool Marshes,10,2080.0,0.597812044834368,3,3
hz1u,6,2104,M,Narathil,10,1685.0,0.5862738167409418,5,5
bk7k,4,26,M,Puddington,17,3484.0,0.5899571887227651,5,8
t759,6,3556,NB,Duelburg,14,2496.0,0.5958534869690059,5,6
2m1p,5,11,F,Slurpington,11,1810.0,0.4656750425784422,1,1
cfj7,6,15,M,Narathil,16,2387.0,0.5022478178569014,5,5
c8xy,5,13,M,Slurpington,11,2875.0,0.7865032391158896,6,6
ozyt,5,13,F,Soggy Hollow,11,2321.0,0.6070081576771179,4,4
cnqw,6,890,M,Narathil,10,1197.0,0.3438908735888231,5,8
mgnt,6,180,M,Duelburg,12,1580.0,0.46874259371191385,2,2
cech,6,15,M,Narathil,16,3327.0,0.6486983298770023,5,7
8mbh,5,21,F,Slurpington,11,2526.0,0.6755333903409251,4,4
o99q,6,634,F,Shield Barrow,19,4236.0,0.71727525145374,5,7
tpno,6,750,F,Narathil,12,1567.0,0.4338038617102678,5,6
al1u,5,12,M,Toadstool Marshes,11,1866.0,0.48939662858360405,6,6
wtdq,6,72,M,Shield Barrow,10,1727.0,0.5668793657686372,3,3
d8ix,4,41,F,Greycliffs,10,1695.0,0.49775556902841717,5,6
nswr,1,1874,F,Duelburg,11,2372.0,0.7390414710606712,5,7
7um6,6,142,M,Shield Barrow,16,3144.0,0.6437485991378215,2,2
tbq7,5,10,F,Soggy Hollow,15,2524.0,0.46404986993427433,6,6
qdi4,4,65,M,Puddington,14,2708.0,0.5858243201635567,9,19
cl1n,5,12,F,Soggy Hollow,14,2933.0,0.6083676021447343,6,6
qqtf,1,749,M,Shield Barrow,15,2752.0,0.6194813696297561,5,7
kv47,4,38,M,Puddington,10,2230.0,0.6177164871601388,8,14
cgxg,6,11,F,Shield Barrow,13,2189.0,0.5693684958100514,2,2
ttbf,2,12,M,Gnome's Rest,10,2125.0,0.5361183713743805,4,5
rvj6,4,47,F,Jamshire,12,1928.0,0.49138439599485584,6,8
t586,6,958,M,Narathil,12,2182.0,0.6012524396175981,5,8
ff19,5,14,F,Toadstool Marshes,13,2977.0,0.6505764149901475,5,5
kaov,5,12,F,Slurpington,10,2116.0,0.5996273309879145,8,8
rxmg,4,19,M,Puddington,15,2494.0,0.48438181136850883,7,11
em53,6,992,M,Shield Barrow,12,2193.0,0.582502564091137,5,8
lzur,6,230,M,Narathil,16,3169.0,0.6383428167003785,4,4
swkx,5,13,M,Slurpington,10,2325.0,0.6783306281473297,6,6
tjdp,4,14,F,Threadbare,10,1523.0,0.38412706215257897,4,7
wd1v,5,14,M,Soggy Hollow,11,2861.0,0.7855759414536222,6,6
r5xh,6,103,F,Narathil,12,2229.0,0.5442159518051188,5,6
e7e5,5,14,M,Slurpington,13,3389.0,0.7514146832176382,4,5
3sj4,1,31,F,Greycliffs,14,2657.0,0.5410579552821554,3,3
qavd,6,1020,M,Narathil,16,2280.0,0.4785423531898399,5,7
sek1,4,16,F,Puddington,15,2365.0,0.4238257474039415,8,10
1afw,4,49,M,Sugarbrook,10,2585.0,0.7332534656131702,3,4
qcmx,6,100,M,Shield Barrow,14,3077.0,0.6708538465286319,4,6
51q4,6,11,M,Narathil,10,2190.0,0.6576750507685765,5,6
v5g1,6,12,M,Narathil,10,1584.0,0.5026766571352268,5,7
snqh,2,27,M,Gnome's Rest,12,2238.0,0.45781541624704675,3,3
a47h,3,21,F,Jamshire,14,2684.0,0.5484921010903755,3,3
glq6,1,1647,M,Shield Barrow,14,3192.0,0.7511971810533763,5,6
jhzw,6,78,F,Narathil,14,2086.0,0.3965572095805798,4,6
dbhr,2,98,M,Threadbare,11,1966.0,0.4936730648107662,4,8
4dyf,6,3301,M,Shield Barrow,12,2291.0,0.645130970670909,4,4
qtjp,1,25,F,Jamshire,10,1854.0,0.5218790867834441,2,2
us7y,3,12,F,Jamshire,10,1083.0,0.28347913447794937,6,9
ugw1,6,859,F,Narathil,10,1931.0,0.6566360149788426,5,8
h233,6,417,M,Shield Barrow,12,2356.0,0.691020373504622,5,6
jmbe,5,13,M,Soggy Hollow,10,1785.0,0.5211991434808395,4,4
3vck,2,25,F,Gnome's Rest,12,2452.0,0.5043705319999109,4,5
wsex,2,38,M,Threadbare,11,2208.0,0.6470509780442222,2,3
9ql4,2,28,M,Knitwick,11,1570.0,0.38376812137321975,4,7
84h9,2,174,F,Knitwick,10,2427.0,0.7155052511068557,4,6
x87r,5,12,F,Slurpington,10,1309.0,0.3629777891094069,4,4
73nb,5,10,F,Toadstool Marshes,12,2276.0,0.5781768026634478,8,9
qbll,1,3298,F,Shield Barrow,15,3056.0,0.6797239191422038,5,8
pvai,4,38,M,Puddington,14,1677.0,0.3459971229513643,8,16
lg32,5,11,M,Dripwater Delta,10,2442.0,0.7110524482895803,8,9
dlz6,2,114,M,Gnome's Rest,10,2533.0,0.7638087428359209,4,6
jb7q,5,10,M,Dripwater Delta,10,1810.0,0.500421492398737,4,4
ktog,4,19,F,Puddington,27,4557.0,0.4932919088481268,8,13
5a5t,6,788,F,Narathil,15,3006.0,0.6494543811779055,5,5
i2tq,2,693,NB,Knitwick,14,3133.0,0.6951637322232739,4,7
iyjm,1,27,F,Puddington,10,1462.0,0.41045032137872006,2,3
1pdx,4,25,F,Jamshire,11,1558.0,0.3826412699048459,8,12
5z8a,5,11,F,Dripwater Delta,10,1717.0,0.49865091024155267,5,5
s1k8,2,86,F,Knitwick,14,2525.0,0.5579305223619959,4,6
le6q,1,532,M,Narathil,12,2167.0,0.5846046398930175,4,5
3g43,2,28,F,Knitwick,14,2943.0,0.6352871096133315,4,6
y91o,4,17,F,Puddington,10,1219.0,0.3267431319285972,2,2
r4t5,2,39,F,Knitwick,10,1818.0,0.6195802334976285,2,3
v87g,6,121,F,Duelburg,10,1699.0,0.5683294652738049,5,7
876n,2,117,F,Gnome's Rest,10,1980.0,0.5802743525824383,4,7
4bty,4,40,F,Puddington,10,1511.0,0.4701075540712233,5,7
l851,0,13,M,Slurpington,14,3123.0,0.6077939414303836,7,7
71q2,2,70,F,Gnome's Rest,14,3111.0,0.6511887993081341,4,5
odmo,4,16,M,Sugarbrook,15,2902.0,0.5567274710841055,6,10
m6h9,6,4398,M,Duelburg,14,2560.0,0.5965060068474539,5,6
km7s,4,26,F,Sugarbrook,12,1621.0,0.38509566163778125,9,15
to16,6,93,F,Duelburg,14,2589.0,0.5794213312976632,4,5
uw2t,4,53,F,Jamshire,19,4669.0,0.7448988134951837,6,10
a9xc,5,13,M,Soggy Hollow,11,2296.0,0.62602456699917,5,6
a72u,5,64,M,Slurpington,12,2523.0,0.5880643915688933,7,7
kqiv,2,101,M,Gnome's Rest,10,2088.0,0.6031017641319079,4,5
nyut,4,22,M,Jamshire,14,2763.0,0.49035679194922216,5,7
wmyt,5,19,M,Soggy Hollow,11,2869.0,0.818972860393189,5,5
bvgu,5,16,M,Dripwater Delta,11,1867.0,0.44362747454967866,6,7
5ofq,5,24,F,Toadstool Marshes,12,2928.0,0.7568713251759394,6,6
vika,5,15,NB,Toadstool Marshes,13,2007.0,0.44211340780723396,7,8
rjgj,5,12,F,Toadstool Marshes,10,2282.0,0.6435088075910612,4,5
l3kx,5,11,M,Dripwater Delta,11,2178.0,0.6068705719178981,4,4
6wsr,4,30,M,Jamshire,14,3027.0,0.5800132577835242,7,10
h9me,2,413,NB,Threadbare,14,2571.0,0.5642372869882314,4,6
e74e,2,16,F,Gnome's Rest,12,1947.0,0.4701669104082337,4,5
p4oz,4,30,M,Greycliffs,10,1938.0,0.5179814068664861,6,9
ptrt,2,162,M,Gnome's Rest,11,1440.0,0.38566097122758786,4,7
n1gu,5,11,M,Slurpington,13,3158.0,0.7103692496941272,5,5
91hr,5,16,F,Dripwater Delta,11,2484.0,0.6645496964494141,5,5
sszq,0,64,F,Soggy Hollow,12,1806.0,0.39136693219058366,2,2
md18,5,13,M,Slurpington,12,1965.0,0.49440208882028186,7,7
aw3w,4,16,F,Puddington,12,2698.0,0.6224995887793497,4,4
r6pw,2,50,M,Knitwick,15,2166.0,0.4378531971031217,4,7
vo2z,2,12,M,Knitwick,10,1003.0,0.2608066549068374,4,7
fh2t,5,17,M,Toadstool Marshes,11,2502.0,0.6992436665113658,8,9
tgu1,2,36,M,Threadbare,11,2741.0,0.7638823304417802,4,6
von7,5,10,F,Slurpington,15,3092.0,0.5871734690639653,7,9
6iq5,2,119,F,Threadbare,12,1977.0,0.5177534158188487,4,8
dmz8,1,25,F,Greycliffs,10,1552.0,0.45464737108227055,5,7
u8oe,3,38,F,Greycliffs,11,3058.0,0.7872546405028413,9,10
978k,5,14,M,Dripwater Delta,12,1996.0,0.4579144309845122,8,9
wgq1,5,12,F,Dripwater Delta,11,2425.0,0.6959608755084261,5,5
1va1,5,18,M,Dripwater Delta,10,2193.0,0.663483584781795,5,6
mp8c,5,23,F,Soggy Hollow,11,1881.0,0.544653810747742,4,4
hbip,2,30,NB,Knitwick,11,1664.0,0.40604724367402306,4,5
lvrp,4,49,F,Gelatina Grove,11,2610.0,0.6817307618282146,3,4
pb2e,4,25,M,Sugarbrook,19,2175.0,0.3322357952001675,6,7
c9ah,5,11,M,Toadstool Marshes,14,2446.0,0.48331177553907334,6,6
jc3y,5,19,M,Soggy Hollow,16,3001.0,0.5243835274749293,6,6
ci5i,6,2822,F,Narathil,16,2961.0,0.601855428690328,3,3
9abr,4,10,M,Jamshire,12,2518.0,0.5158481084500159,6,6
klbf,4,52,F,Puddington,15,2744.0,0.5371444772412926,8,18
qsqg,5,81,F,Toadstool Marshes,10,2232.0,0.6507478318689085,7,8
e8zi,5,96,F,Slurpington,11,2351.0,0.6443800213553048,7,7
8ywk,3,55,F,Puddington,27,5699.0,0.6888998317995918,8,15
42zb,6,154,F,Duelburg,10,1622.0,0.4666364210685628,3,3
2zz7,2,21,M,Gnome's Rest,10,2239.0,0.556366467171722,4,4
ecd7,5,14,F,Toadstool Marshes,12,3193.0,0.7917838647877566,5,5
uovm,4,27,M,Puddington,10,2761.0,0.7694362819142508,5,8
kd2k,5,12,NB,Soggy Hollow,12,2801.0,0.6625123347480067,4,4
tzk1,5,15,F,Toadstool Marshes,13,2732.0,0.6325723557790663,5,5
nq47,1,160,M,Duelburg,10,1556.0,0.5173956350051243,4,6
qjkf,5,13,F,Slurpington,11,2419.0,0.7111174695086082,3,4
jq63,5,13,F,Slurpington,12,2498.0,0.56503587746245,2,2
s7bx,4,19,M,Jamshire,10,1803.0,0.48491701676245763,5,8
ukeh,5,20,F,Soggy Hollow,10,1749.0,0.5120667485517633,6,6
xsuq,5,16,NB,Toadstool Marshes,12,2299.0,0.5766918955625165,2,2
rul3,5,13,F,Dripwater Delta,11,2193.0,0.591090455798976,7,7
6yrh,1,1454,M,Duelburg,12,2684.0,0.7464004172208668,5,7
affu,5,20,M,Slurpington,10,1936.0,0.5790173214320795,6,7
37r7,4,21,F,Greycliffs,13,2696.0,0.5506172892241396,6,9
5v7p,4,17,F,Greycliffs,13,1182.0,0.21944077428220332,6,8
4igq,5,13,NB,Toadstool Marshes,10,2213.0,0.6536772928591696,5,5
1ape,4,51,M,Greycliffs,11,1576.0,0.3901194301061912,8,13
ngya,5,11,F,Dripwater Delta,11,1951.0,0.51741813614133,2,2
6rwr,1,1561,M,Shield Barrow,11,2182.0,0.6724440266689798,5,7
uv8r,5,14,M,Soggy Hollow,10,2185.0,0.6762373756903227,3,3
wqs5,2,12,M,Gnome's Rest,12,2008.0,0.3985182606393776,4,8
7m4b,5,26,F,Dripwater Delta,13,2412.0,0.49083337798521637,3,3
fdaw,5,14,M,Slurpington,12,2281.0,0.5658141954398795,4,4
uhpe,5,16,M,Toadstool Marshes,12,2960.0,0.7098435057633777,4,4
lrsj,5,38,M,Soggy Hollow,12,1834.0,0.5040956704384764,5,5
azgc,0,11,F,Dripwater Delta,11,2393.0,0.5636287917073362,3,3
yvc7,5,11,F,Slurpington,11,2475.0,0.6599797790376136,3,3
o822,4,85,F,Jamshire,26,5382.0,0.6393727312466785,9,17
9mwl,1,679,F,Shield Barrow,11,1756.0,0.5507321607376757,4,4
coxn,5,10,M,Soggy Hollow,12,2464.0,0.5651867142745938,5,5
ja1c,5,15,F,Dripwater Delta,11,1957.0,0.4848713844447184,4,4
at89,2,15,F,Knitwick,14,3163.0,0.6116905764463116,4,5
u8dp,6,186,M,Duelburg,11,1864.0,0.536890071097953,5,5
raow,5,12,M,Dripwater Delta,11,1934.0,0.5039237172932729,4,4
3y8o,1,2057,F,Shield Barrow,13,1383.0,0.3542878165297116,5,6
u2s7,5,12,M,Soggy Hollow,13,1902.0,0.416079976289837,3,3
lzsb,5,16,F,Slurpington,11,2066.0,0.5305680372738064,3,3
6c2l,5,15,F,Slurpington,11,1884.0,0.5267988878708448,3,4
63w9,2,12,F,Threadbare,16,2353.0,0.37136541719843835,4,5
srqr,5,11,M,Soggy Hollow,13,3114.0,0.7312580222504833,5,5
yspn,5,10,F,Toadstool Marshes,11,2138.0,0.5650870188153748,4,4
oyee,5,12,M,Toadstool Marshes,11,2497.0,0.7052102166386346,8,10
i4fy,1,24,M,Greycliffs,20,4007.0,0.5108550268409752,8,11
b4nr,5,67,M,Toadstool Marshes,14,2052.0,0.4426510179876169,3,3
48ng,4,35,F,Sugarbrook,16,1867.0,0.3455866349085218,9,12
kt2q,2,21,M,Knitwick,16,2866.0,0.44654751219931116,4,5
v8uy,6,12,M,Narathil,12,3097.0,0.7736407804196054,4,4
8hbs,5,12,M,Soggy Hollow,12,1856.0,0.4292242577102179,3,3
kou5,3,69,M,Puddington,10,2440.0,0.7169419841825759,8,9
ytg5,4,112,F,Shield Barrow,14,1205.0,0.27599904892185206,5,5
denq,4,14,F,Sugarbrook,10,1153.0,0.30845683623578257,5,6
jdsa,5,46,F,Soggy Hollow,10,1118.0,0.2952591147417297,5,5
u51f,5,16,M,Toadstool Marshes,10,2491.0,0.7323286184962979,7,7
wpib,3,30,F,Jamshire,20,3717.0,0.5571816535009979,9,15
c5gk,4,86,M,Puddington,15,3536.0,0.7433517936459759,5,7
nfbj,6,106,F,Narathil,11,1369.0,0.39287210545635565,5,7
envs,5,39,M,Toadstool Marshes,13,3206.0,0.6885745797215,4,4
9cty,5,15,M,Dripwater Delta,10,1988.0,0.6025328554138775,3,3
xbmb,1,12,M,Shield Barrow,12,2037.0,0.5829141140495403,5,5
kvn7,5,14,M,Toadstool Marshes,13,3181.0,0.7360008504569081,6,6
4fg5,1,2664,M,Shield Barrow,19,3421.0,0.6192108884549559,4,5
vzm9,4,168,M,Jamshire,15,2087.0,0.446320228297524,6,9
8p2x,5,48,M,Slurpington,10,1799.0,0.5116013616599472,3,3
m3md,6,11,F,Shield Barrow,14,2830.0,0.6454454213979021,5,5
lel4,4,56,F,Puddington,14,3419.0,0.7317393478207566,6,9
8t5k,6,3221,M,Duelburg,11,1863.0,0.48434023938266174,5,6
ezm4,3,26,M,Boggy Bottom,13,3326.0,0.7688010350182263,3,6
w25d,5,93,F,Slurpington,10,1677.0,0.47771888890539727,6,6
9b5a,4,95,M,Boggy Bottom,10,1701.0,0.4878435004498079,3,7
p68k,4,36,M,Sugarbrook,10,1485.0,0.4130962648893927,5,7
7kzi,6,16,F,Narathil,10,1648.0,0.537847533774642,5,8
f42n,3,83,F,Muckminster,12,2436.0,0.6141023977654031,3,5
dxfi,5,13,M,Toadstool Marshes,11,2193.0,0.6375434872870543,3,3
2ur3,3,42,F,Jamshire,18,4423.0,0.7623432327604394,8,13
9q2l,4,59,M,Sugarbrook,16,3557.0,0.6968740901262324,6,11
qgdl,5,12,NB,Toadstool Marshes,12,2693.0,0.6707678414651284,5,5
z3zq,1,1638,F,Shield Barrow,10,1670.0,0.607465864425995,4,4
iy9u,4,189,M,Muckminster,14,2208.0,0.485733691928462,3,3
omi2,6,198,F,Narathil,13,2175.0,0.4656277381489903,3,4
vkdk,6,1058,M,Shield Barrow,10,1848.0,0.6164184418215777,5,5
h74y,4,106,M,Greycliffs,10,2303.0,0.7231393115981468,6,8
59lp,4,20,M,Jamshire,11,1401.0,0.3513997011194015,8,10
2fsr,4,78,M,Greycliffs,18,3561.0,0.6552249797434666,7,9
ex88,5,12,M,Slurpington,12,2167.0,0.5023984373002794,6,6
s6lk,5,13,F,Dripwater Delta,11,2577.0,0.6888298713690096,3,4
td1l,1,331,M,Narathil,11,1821.0,0.5771115787097446,5,5
c5bn,4,45,F,Puddington,11,1870.0,0.513203588808004,6,9
gcpq,0,10,F,Dripwater Delta,10,1464.0,0.39402519870327307,4,4
wfh4,5,17,M,Soggy Hollow,10,1706.0,0.4845116122050003,3,3
cvkg,5,12,M,Slurpington,10,2180.0,0.6059358081396249,5,5
f4ri,3,175,F,Greycliffs,15,2750.0,0.5621504838705652,4,6
wo6a,3,108,F,Greycliffs,12,2291.0,0.5854032464491087,7,10
msiz,5,11,M,Toadstool Marshes,11,2490.0,0.5948121663101102,3,3
14p3,4,66,F,Jamshire,11,2752.0,0.7728127389432728,2,3
5brp,4,21,M,Puddington,16,2123.0,0.40899337178656614,7,11
2res,3,56,M,Greycliffs,17,2778.0,0.4950681634331119,7,10
kktk,4,51,M,Sugarbrook,11,2121.0,0.6051950694463067,6,8
bnkv,3,33,M,Boggy Bottom,13,2292.0,0.562484984230382,3,5
d5m5,4,35,M,Sugarbrook,11,2150.0,0.5915494962748965,7,11
hqc5,1,154,F,Narathil,12,2140.0,0.5856654477027677,3,4
yr4w,3,30,F,Jamshire,10,1934.0,0.5594393387640914,4,5
5643,4,48,F,Jamshire,15,3195.0,0.6319079034869727,6,10
3x1n,4,42,M,Greycliffs,12,2320.0,0.6044541057089067,5,5
vzah,4,40,F,Jamshire,18,3523.0,0.5917225309798618,5,8
d1ju,1,2231,F,Duelburg,15,2933.0,0.6513326042411136,5,7
z15e,6,414,M,Duelburg,13,2331.0,0.5680164276527487,5,8
tm47,5,11,F,Toadstool Marshes,12,2161.0,0.5129502231766048,5,5
h7eg,5,16,F,Soggy Hollow,10,2607.0,0.8022056196216066,5,6
15ka,4,57,F,Jamshire,17,3975.0,0.7331827806200962,5,8
xjup,4,40,F,Jamshire,12,2819.0,0.7220570606548806,4,9
tycj,4,69,M,Jamshire,12,2587.0,0.6565452012916982,6,7
qrmw,4,24,F,Sugarbrook,17,2635.0,0.4106092301888521,5,7
az19,4,13,F,Jamshire,11,1264.0,0.27855059126472537,6,10
r5na,4,38,M,Sugarbrook,11,1649.0,0.4310601959419996,7,11
4v78,4,43,F,Jamshire,14,2478.0,0.5583088914564364,4,7
8cc3,4,54,F,Jamshire,11,2063.0,0.5857844781972514,6,9
j1w4,4,31,M,Puddington,12,2362.0,0.5965168286969338,7,7
mvmw,4,53,F,Puddington,13,2411.0,0.568622381176954,7,10
2ies,4,28,M,Sugarbrook,13,3139.0,0.7023208026168308,6,8
v9e2,4,94,M,Jamshire,11,1595.0,0.45601638392576754,6,7
lq1m,5,17,M,Slurpington,12,2733.0,0.6975503868392997,5,5
wcwf,5,13,F,Dripwater Delta,10,1886.0,0.578119842484858,5,5
n7wx,4,22,M,Puddington,11,2145.0,0.5314151375124669,9,15
wv65,1,298,NB,Narathil,12,1827.0,0.5238473875929291,4,6
py4c,5,12,F,Dripwater Delta,10,2479.0,0.7371502158844915,7,8
2t6r,3,85,F,Greycliffs,21,4732.0,0.7245013003506369,8,9
kblp,4,25,M,Gelatina Grove,17,2760.0,0.5055631163675802,3,6
ukvu,4,28,F,Puddington,12,1822.0,0.4449703539792209,6,8
vlbt,3,20,F,Sugarbrook,10,1822.0,0.473026035336143,5,7
c17t,4,46,F,Sugarbrook,11,2065.0,0.5589572584407011,6,9
h8k4,3,95,F,Greycliffs,16,3558.0,0.7193525969434311,9,11
wbn4,4,46,M,Puddington,10,2356.0,0.7054869496469502,6,7
buz3,3,30,F,Greycliffs,14,2332.0,0.5112517285488051,5,6
1rgy,4,742,M,Sugarbrook,15,2707.0,0.5456489945268803,8,10
hs59,3,26,F,Greycliffs,16,4062.0,0.7779871738800181,7,12
qdwy,4,36,F,Jamshire,12,2272.0,0.5534888908103034,7,11
cmk9,4,70,M,Sugarbrook,15,3329.0,0.700823799946331,5,7
p917,4,69,F,Puddington,10,2099.0,0.5989535073834251,5,6
lox3,4,35,F,Puddington,11,1780.0,0.46910495294611854,7,11
khfa,4,44,M,Jamshire,10,1836.0,0.5605947158929169,8,10
by64,1,12,M,Shield Barrow,11,2018.0,0.5748079169260026,5,8
3ani,4,26,F,Greycliffs,10,2824.0,0.8511200782943789,5,7
pc2k,4,54,F,Boggy Bottom,12,1891.0,0.5203999489770438,3,4
3duq,4,33,M,Greycliffs,14,2746.0,0.5952013876974718,6,10
d2jn,4,44,F,Jamshire,19,3758.0,0.6255987452138775,8,13
zjfw,3,58,F,Sugarbrook,16,3786.0,0.7296345701147207,6,9
4j9x,4,65,F,Sugarbrook,10,2121.0,0.6385817579880234,8,13
lkah,4,70,M,Jamshire,16,2875.0,0.5446359044498329,8,15
8ye4,4,29,M,Puddington,10,2026.0,0.5970585370082397,4,5
9ere,4,38,F,Sugarbrook,15,2456.0,0.48667073028159696,8,12
f31i,4,47,M,Jamshire,10,1850.0,0.5511836193312616,3,3
ek68,3,43,F,Greycliffs,12,2246.0,0.5884262353576711,8,15
mgve,4,34,M,Puddington,11,1776.0,0.5123279877928868,6,9
6t5s,2,45,F,Knitwick,10,2243.0,0.6822944566024594,4,7
3wh7,3,48,M,Puddington,14,2405.0,0.5270273478605276,4,8
x56v,3,27,M,Sugarbrook,22,3670.0,0.4591100074755899,7,18
86s9,2,376,F,Gnome's Rest,11,1821.0,0.4914307858550169,4,9
1bif,4,44,M,Jamshire,14,2583.0,0.5734457733549855,6,10
sxvt,5,47,F,Dripwater Delta,10,1637.0,0.5153325704564856,8,8
islp,2,60,M,Gnome's Rest,13,2636.0,0.5879353231811832,4,6
1cr3,6,14,M,Shield Barrow,10,1290.0,0.41955600623340505,5,6
54w9,2,27,M,Gnome's Rest,12,2733.0,0.6025092969370381,4,4
l7cw,5,21,M,Toadstool Marshes,10,1670.0,0.5097487588314785,6,7
r81g,4,88,M,Sugarbrook,10,1436.0,0.44401917961064863,4,6
8l1m,6,105,F,Duelburg,13,2672.0,0.5959818150448561,4,4
9cxx,5,16,M,Dripwater Delta,13,2169.0,0.5108482037575558,5,5
iwet,4,44,F,Sugarbrook,13,2579.0,0.5977612699930877,9,16
n2zy,4,57,M,Puddington,16,2594.0,0.5280349972313956,6,6
6apq,4,52,M,Jamshire,13,2232.0,0.5244341553139091,6,9
ryvh,3,49,M,Jamshire,10,2184.0,0.6648798702018038,4,4
84zx,2,96,M,Gnome's Rest,11,2637.0,0.6901456530084452,4,8
s9j2,4,44,NB,Greycliffs,10,2354.0,0.750349606896229,3,5
k4wo,4,36,M,Sugarbrook,12,2455.0,0.6020115590099974,6,9
3fjy,5,151,M,Soggy Hollow,13,2709.0,0.6227609257767684,5,5
d8fk,3,20,F,Jamshire,14,2574.0,0.5299900838610128,8,14
rky2,4,45,F,Puddington,11,2202.0,0.6023973640461321,6,7
69lv,2,24,M,Knitwick,10,2069.0,0.5917648550323197,4,7
1jhp,6,13,M,Shield Barrow,11,2168.0,0.6484249643616331,4,6
nktc,5,11,M,Soggy Hollow,12,2333.0,0.5781283912975856,6,6
v6wq,5,10,F,Slurpington,14,2081.0,0.4013273870516801,6,6
3rdt,5,15,F,Dripwater Delta,11,2305.0,0.6005789833243842,4,4
l5bv,1,3432,M,Shield Barrow,14,2516.0,0.6180759846705824,5,9
85lc,4,67,M,Jamshire,12,2031.0,0.5064259309233514,6,11
evc6,4,45,F,Jamshire,11,3189.0,0.8380128825165585,7,12
r1g3,3,45,F,Sugarbrook,20,3036.0,0.4448901055554382,9,15
w8pi,2,13,F,Knitwick,10,1785.0,0.5031108253145069,4,5
1w1v,2,33,F,Gnome's Rest,10,1519.0,0.4494944968469297,4,6
5qmh,6,1609,F,Shield Barrow,11,1434.0,0.4080243894436114,4,5
h7ln,3,71,M,Jamshire,12,2806.0,0.7117610761681119,7,9
ogid,5,13,F,Dripwater Delta,10,1888.0,0.5551094596126253,4,4
qzlb,5,10,F,Toadstool Marshes,10,1848.0,0.5067927845709445,6,6
j4of,4,98,M,Boggy Bottom,12,3009.0,0.7735362285926647,3,4
ydb1,2,96,F,Threadbare,10,1802.0,0.5602431797159088,4,7
vg18,1,24,M,Jamshire,10,1908.0,0.5108594130589297,2,2
yqpn,1,1476,F,Duelburg,10,1838.0,0.6426881123597965,4,4
odds,4,39,F,Sugarbrook,12,2321.0,0.5724351300172715,6,9
sm1m,4,56,M,Jamshire,10,1609.0,0.46069041218611506,6,8
pbki,6,13,M,Shield Barrow,11,1914.0,0.5750119233437265,4,6
535n,4,18,F,Puddington,10,2502.0,0.7442955660826487,9,18
o4gy,3,66,M,Puddington,14,2479.0,0.5340821199545361,7,13
2afm,4,65,F,Jamshire,13,2119.0,0.49187559635917205,8,11
9m2n,0,11,F,Slurpington,11,2267.0,0.5500186881304105,6,6
4ow4,4,24,F,Greycliffs,14,2432.0,0.5019957070999264,9,15
89ix,4,85,M,Jamshire,11,2075.0,0.538146420271704,9,13
34gz,3,37,NB,Puddington,11,2249.0,0.5874388009321957,3,3
6rbx,5,40,M,Soggy Hollow,20,3932.0,0.5680148271346249,3,3
t66g,6,2049,M,Duelburg,14,2482.0,0.5521855930814392,4,4
92jz,4,78,M,Jamshire,14,3096.0,0.6857815395085166,9,14
n5fl,2,48,F,Knitwick,12,2493.0,0.682345112771252,4,6
8kow,4,56,F,Sugarbrook,13,2604.0,0.617873839705951,6,9
yval,0,14,F,Toadstool Marshes,11,2315.0,0.5541875106499771,4,4
xs9x,6,92,F,Shield Barrow,13,1764.0,0.36489432640886843,4,4
klm5,4,58,F,Jamshire,20,4232.0,0.6433283408408043,8,11
trcl,2,159,M,Knitwick,10,2375.0,0.6976842456419919,4,7
7kl1,2,15,M,Gnome's Rest,13,2094.0,0.3905518935068908,3,3
y3c9,4,278,M,Greycliffs,14,2617.0,0.6025619582231422,6,11
i6ez,3,49,F,Sugarbrook,12,1956.0,0.4648843995775327,4,4
eahv,4,38,M,Puddington,10,1362.0,0.418451054860297,6,7
dh6n,5,11,F,Slurpington,16,3427.0,0.609009437252522,6,6
db9p,5,10,M,Slurpington,14,2308.0,0.4843924314121561,8,9
rftn,5,11,M,Dripwater Delta,10,1923.0,0.600678649716757,4,4
qa69,4,28,F,Muckminster,16,2524.0,0.3758705556254167,3,6
wf3y,3,61,F,Puddington,15,2529.0,0.4947618295282983,6,12
tcwu,4,50,M,Puddington,12,1933.0,0.4945553527959407,8,13
tf9x,1,20,F,Sugarbrook,11,2049.0,0.533229711712664,1,1
2x4w,4,46,M,Jamshire,11,2014.0,0.5407761311652688,5,5
kblo,4,61,F,Puddington,14,2627.0,0.5606251667742799,8,13
vcq6,4,68,M,Jamshire,10,2352.0,0.7007149471068462,3,3
baxa,5,11,M,Slurpington,11,1875.0,0.46642138168072317,5,5
cwn6,1,24,M,Greycliffs,14,2891.0,0.5231257913217636,2,2
fkpe,6,133,F,Duelburg,10,1691.0,0.595653443835761,3,3
yyf7,2,59,M,Threadbare,11,2607.0,0.801173312723942,4,7
b5s5,4,28,M,Sugarbrook,10,2125.0,0.6172857610678018,6,10
qbir,4,35,M,Jamshire,16,3382.0,0.5870821810368584,9,19
y8p6,6,145,F,Shield Barrow,15,2479.0,0.48603120702324215,5,6
qg6q,5,24,M,Toadstool Marshes,12,2889.0,0.7229035091134137,4,4
4c6m,5,11,F,Soggy Hollow,12,2271.0,0.6189422718931613,6,6
occw,1,627,F,Narathil,10,1875.0,0.6004237122480927,5,6
tibb,4,14,F,Greycliffs,10,911.0,0.21158812667652796,4,4
5ppp,4,82,F,Sugarbrook,19,2976.0,0.44581871539178203,8,15
7z2d,4,34,M,Greycliffs,12,2814.0,0.6886630350629283,4,5
ei1q,5,46,F,Soggy Hollow,11,2247.0,0.6432326309256632,8,11
1ieg,2,47,NB,Knitwick,11,2258.0,0.5884605178688388,4,7
39xc,5,12,F,Slurpington,11,2390.0,0.6652562292063466,3,3
tpp3,4,13,M,Jamshire,12,2129.0,0.4879893247367522,5,8
w2a2,2,63,M,Knitwick,10,1666.0,0.48343822751010446,4,4
byft,5,11,F,Toadstool Marshes,11,2745.0,0.7488053941988567,3,3
k5ye,4,78,F,Jamshire,11,1295.0,0.346877098701606,6,7
yt4t,5,12,M,Dripwater Delta,12,2589.0,0.6119417063382709,4,4
4hrd,5,16,M,Slurpington,12,2691.0,0.6650095803394566,6,6
fnr3,4,56,M,Puddington,14,2708.0,0.5702102985220356,7,12
b7z7,4,57,F,Sugarbrook,10,2063.0,0.6181684335046659,7,11
m1oj,4,79,M,Puddington,12,2386.0,0.6087704896253385,5,9
cbdd,4,37,M,Sugarbrook,14,2134.0,0.44874049725464965,5,7
t2oy,4,27,M,Jamshire,14,2965.0,0.6357924803057927,4,7
5a7l,3,28,F,Jamshire,10,2132.0,0.6027254666404037,4,6
c6yv,4,42,F,Jamshire,10,1946.0,0.5636922598483638,3,3
zb25,5,21,M,Toadstool Marshes,12,2306.0,0.642586012705075,7,7
59oc,4,78,M,Greycliffs,10,1787.0,0.5676882587429809,9,17
192c,3,53,M,Greycliffs,10,2493.0,0.7573021606231284,6,12
zuej,5,18,M,Toadstool Marshes,12,2362.0,0.601356169980613,4,4
adjn,5,27,M,Toadstool Marshes,10,1790.0,0.591166908512968,6,6
n3dn,3,24,M,Sugarbrook,10,2248.0,0.6534161978513304,7,8
mfdv,4,13,F,Greycliffs,21,3528.0,0.4891956044796655,7,10
gzdi,5,16,F,Dripwater Delta,11,2032.0,0.5690227502004078,5,6
iyr9,4,41,M,Jamshire,15,2318.0,0.5060751758583381,5,5
z5vs,5,18,M,Slurpington,10,2088.0,0.6461877818081458,6,6
s5fr,5,17,F,Slurpington,16,3337.0,0.6918261493295215,8,8
kbeb,1,713,F,Duelburg,16,2783.0,0.6061866915854225,5,5
n15q,4,109,M,Sugarbrook,16,3308.0,0.643933940396653,5,6
tskp,4,20,M,Sugarbrook,10,1401.0,0.37797753775846576,7,10
1z6o,4,31,F,Puddington,13,2816.0,0.6712498588986797,6,11
vrdy,5,11,F,Slurpington,10,2162.0,0.6774099475272909,5,5
5hpj,5,16,F,Toadstool Marshes,11,1981.0,0.6372251121894771,6,6
35cu,4,53,M,Sugarbrook,14,2157.0,0.4900911544425594,8,14
257w,5,12,F,Toadstool Marshes,10,2501.0,0.784423906787024,6,7
g5p2,5,20,F,Toadstool Marshes,11,2312.0,0.6866850787596619,5,5
jypn,6,280,F,Narathil,12,2028.0,0.5298774244912885,5,6
ljvj,5,12,F,Soggy Hollow,10,1606.0,0.4749157880170135,5,6
rc4t,4,60,F,Puddington,11,1350.0,0.38128810499804544,5,6
l6qm,4,33,M,Greycliffs,14,2718.0,0.5729576658651919,7,7
vp41,5,12,M,Soggy Hollow,11,1972.0,0.45338267870579796,1,1
ggst,1,34,F,Sugarbrook,11,1687.0,0.44959442725098225,3,3
noli,5,36,M,Slurpington,10,2362.0,0.76554078222208,4,4
3574,4,23,M,Sugarbrook,13,1741.0,0.4107092548040513,5,8
4phe,2,55,M,Knitwick,12,1995.0,0.49133700944607805,4,5
m6p8,5,19,M,Toadstool Marshes,11,2478.0,0.6503725993837167,8,10
lwan,5,464,M,Dripwater Delta,12,2236.0,0.574861168838303,6,7
gmwc,5,15,F,Slurpington,10,1380.0,0.41192479415398864,3,4
cank,4,42,M,Puddington,11,2170.0,0.6183464422252682,6,11
iqd7,3,108,M,Puddington,12,1959.0,0.4842483456235709,6,8
zbad,6,4185,M,Shield Barrow,13,2233.0,0.5453763005955721,5,5
rlc4,4,55,F,Jamshire,11,2131.0,0.5822275451569441,3,4
gve6,5,10,F,Dripwater Delta,10,2730.0,0.8353307636991103,3,3
9vqr,5,14,F,Dripwater Delta,11,2298.0,0.5868137907936943,6,6
1rgv,5,29,M,Toadstool Marshes,10,2023.0,0.6099147383024601,5,5
545x,5,14,M,Soggy Hollow,10,2253.0,0.6681316479362863,4,5
x9gy,4,48,M,Sugarbrook,11,1960.0,0.5110489639421019,7,13
999x,4,64,F,Jamshire,11,1779.0,0.48653665460819795,8,13
bv8r,6,821,M,Duelburg,11,1282.0,0.3803651778744396,4,4
cc14,4,20,M,Puddington,16,2311.0,0.39787298607534666,4,4
weku,4,32,M,Puddington,11,2508.0,0.7183891597438259,5,8
ew4t,4,58,F,Sugarbrook,10,2531.0,0.7667396996658152,7,10
uk7e,5,11,F,Soggy Hollow,12,2332.0,0.5695855462896394,6,6
wi4h,5,13,F,Soggy Hollow,14,2800.0,0.5547204217939752,6,6
53ik,5,17,M,Soggy Hollow,12,2102.0,0.5179854104105567,5,5
rjv7,4,97,F,Greycliffs,12,1931.0,0.4904476018802714,8,12
luyw,5,12,F,Toadstool Marshes,15,3397.0,0.7144346907105189,7,7
uecx,4,135,NB,Puddington,15,2661.0,0.5485930118871879,5,7
2tup,2,156,M,Gnome's Rest,11,2364.0,0.6303965199634676,4,6
hksh,3,39,M,Greycliffs,15,2628.0,0.5102148199273207,6,11
ui52,5,16,F,Slurpington,11,2448.0,0.6044685275048948,4,4
2ldz,5,13,M,Slurpington,12,2788.0,0.6784543666538291,2,2
tvrx,2,90,F,Knitwick,15,3824.0,0.7927777634372646,4,8
6r6w,2,25,F,Gnome's Rest,14,1900.0,0.39395544719541414,4,6
h8tg,5,13,M,Slurpington,12,2288.0,0.5993868358554578,7,7
to97,4,43,M,Sugarbrook,11,2424.0,0.6587790394023577,6,6
8b6v,4,123,F,Greycliffs,12,1969.0,0.5497864362153538,6,11
qq6i,5,29,M,Slurpington,10,2123.0,0.6424106146484879,7,7
ke3t,6,11,F,Narathil,16,1779.0,0.41086414300478,4,5
hzuq,3,49,M,Sugarbrook,13,2316.0,0.5419899278464784,5,9
2c5t,5,11,F,Dripwater Delta,11,1953.0,0.5034786131038399,2,2
xsyj,4,71,M,Sugarbrook,11,1919.0,0.5392225720989015,3,4
89z6,1,20,M,Narathil,13,1730.0,0.5035420796346693,5,6
fwvn,5,14,F,Toadstool Marshes,13,3162.0,0.6986965665852554,5,5
qsrm,5,17,F,Toadstool Marshes,10,2295.0,0.7099624041813504,8,8
rlnv,0,10,M,Dripwater Delta,15,3073.0,0.5566737476423321,8,9
7rk1,2,29,M,Knitwick,11,1771.0,0.47375383635982227,4,7
jmp7,5,12,M,Dripwater Delta,13,1534.0,0.32685312109324133,6,6
pzhp,5,15,F,Toadstool Marshes,10,2250.0,0.6683760209665903,2,2
1j9b,5,13,F,Slurpington,12,1837.0,0.43078363966309624,5,5
8d3b,5,12,F,Soggy Hollow,10,2872.0,0.8137669422747047,3,3
7232,2,21,F,Gnome's Rest,10,1782.0,0.4836894491919021,3,4
oa83,2,60,F,Gnome's Rest,12,1929.0,0.47830801890860203,4,6
onrq,5,15,F,Toadstool Marshes,10,1138.0,0.3122302293400884,5,5
iapz,5,15,M,Slurpington,11,2201.0,0.6163403229783746,4,4
zxk4,6,83,M,Narathil,11,2029.0,0.5725105576071772,3,3
bx9r,6,4930,M,Shield Barrow,10,1584.0,0.5191906684390247,4,4
13jw,5,20,F,Slurpington,10,2669.0,0.7863901388777771,3,3
qhfe,4,56,F,Gelatina Grove,10,1630.0,0.4786800554174614,3,6
2ddc,3,228,M,Sugarbrook,10,2230.0,0.6578772506198519,6,7
il84,4,65,M,Greycliffs,11,1823.0,0.5015631176293384,5,5
2e88,4,58,M,Jamshire,11,2216.0,0.5975027864298573,5,5
spq2,1,63,F,Shield Barrow,13,1834.0,0.4715366289419338,5,7
4ktl,1,110,NB,Sugarbrook,10,2394.0,0.7734226880328918,7,8
7gon,5,19,F,Toadstool Marshes,13,2088.0,0.480513829715913,4,4
5lyp,2,86,F,Threadbare,12,2433.0,0.5893340440354303,4,4
dazy,2,15,M,Threadbare,15,2104.0,0.3621239405986861,4,8
8e87,2,35,F,Knitwick,10,1734.0,0.569057830326899,4,7
isdw,4,30,F,Puddington,15,2847.0,0.5783633221853682,8,13
dzme,5,16,F,Dripwater Delta,10,1792.0,0.5684585676378167,3,3
fu5i,1,33,F,Puddington,12,2445.0,0.6031663289688761,2,3
w6sp,4,47,F,Boggy Bottom,10,1673.0,0.471076954743748,3,5
wfuw,6,196,F,Narathil,10,1751.0,0.5103811094302445,5,7
n529,4,101,M,Gelatina Grove,10,1206.0,0.4001756159231621,3,6
afmq,2,50,NB,Gnome's Rest,12,1668.0,0.4205629854567432,4,6
k9gu,5,33,NB,Toadstool Marshes,13,2625.0,0.6329256355538132,8,8
xwxg,5,11,M,Toadstool Marshes,12,2604.0,0.6252181163770044,3,3
44yf,4,82,M,Puddington,10,1810.0,0.5593719323493052,5,7
crqh,4,81,M,Sugarbrook,10,2532.0,0.7704372598904238,7,11
cobv,5,16,M,Toadstool Marshes,10,1832.0,0.5196587341161689,6,7
2rzv,5,20,M,Toadstool Marshes,11,2040.0,0.5788657855556062,5,5
fxgs,4,165,M,Puddington,10,2035.0,0.6335497742123746,5,7
b7ly,4,30,F,Jamshire,16,2693.0,0.5367582924653458,4,6
hxzd,2,49,M,Gnome's Rest,13,2479.0,0.6155273476344957,4,7
jdvt,5,146,F,Dripwater Delta,10,1447.0,0.4405962748388735,6,7
qfgt,5,16,F,Dripwater Delta,11,2293.0,0.7236988192370265,7,8
98wm,6,118,M,Duelburg,15,2513.0,0.5373233667126013,5,5
wipr,3,31,M,Greycliffs,10,2260.0,0.7022655507756519,5,7
vcww,4,78,F,Puddington,12,2015.0,0.5214278945467087,6,8
e1sa,6,4380,F,Narathil,15,2529.0,0.5721064099583463,5,8
23bl,4,18,M,Puddington,14,1877.0,0.39358229154231283,6,11
7jrt,4,56,F,Puddington,12,2392.0,0.5586577138366503,8,11
1a43,4,58,F,Sugarbrook,12,2368.0,0.6260190325744225,8,11
5ldq,4,35,F,Jamshire,17,2751.0,0.4198474953646765,7,10
kaer,4,46,F,Jamshire,14,2182.0,0.45645378324029445,7,9
7c6p,4,44,F,Jamshire,13,3017.0,0.6908424670914356,6,9
phcp,6,3612,M,Duelburg,10,1301.0,0.45376952959647304,5,6
dv6m,5,13,M,Toadstool Marshes,12,2612.0,0.6434929799962754,4,4
fp4v,5,10,F,Slurpington,10,1370.0,0.4118257119860661,6,6
7mcv,4,17,M,Sugarbrook,29,4186.0,0.4053249748740136,7,9
58zb,0,15,M,Toadstool Marshes,10,1688.0,0.3937412323437245,5,5
xevi,4,16,F,Sugarbrook,12,2058.0,0.501293849364073,9,12
hqye,4,52,F,Greycliffs,13,2262.0,0.5674623515791282,8,13
8dhx,6,514,M,Narathil,14,1986.0,0.5582343661637588,5,7
bbh2,5,23,F,Dripwater Delta,10,1612.0,0.5081075422299068,6,6
nblr,4,22,F,Jamshire,14,2378.0,0.4858470193433354,8,14
xdv5,4,59,F,Jamshire,11,1748.0,0.4992171419430431,7,11
1isi,5,17,F,Soggy Hollow,10,2143.0,0.6391279114372149,7,8
9fah,5,13,M,Dripwater Delta,10,1850.0,0.5294905800378193,5,7
x4rr,2,97,M,Knitwick,13,2529.0,0.5719548059035333,4,7
lqe5,5,24,M,Slurpington,10,1670.0,0.5178789873971863,8,8
8fsd,2,50,M,Threadbare,10,2020.0,0.5920793505417274,4,8
3429,6,157,F,Narathil,14,2490.0,0.5750435205972738,5,6
wuco,5,13,F,Toadstool Marshes,10,2256.0,0.6941211300968174,5,5
v2wa,3,44,M,Puddington,12,3155.0,0.7599070687390187,6,9
q8m7,4,18,F,Puddington,12,2372.0,0.5796932273630567,6,7
bmbk,4,59,F,Jamshire,12,2087.0,0.5377476928473708,7,11
p71a,1,959,M,Shield Barrow,10,2122.0,0.7308544838737406,5,6
fahk,4,25,F,Greycliffs,10,1913.0,0.490233125813043,7,12
6pf5,5,15,F,Slurpington,14,2329.0,0.47868490828548266,8,9
udn9,4,56,M,Sugarbrook,10,1652.0,0.5069682654148673,6,9
wj47,5,26,F,Toadstool Marshes,10,2480.0,0.7616789018790829,7,9
165v,5,14,F,Toadstool Marshes,11,2409.0,0.6394147938227818,2,2
l815,5,182,M,Toadstool Marshes,12,1626.0,0.39544885115027467,7,7
yymy,5,15,M,Soggy Hollow,10,1754.0,0.5191697059641187,4,4
7scz,5,29,M,Slurpington,10,1863.0,0.5739330794707274,5,5
w4ps,5,115,F,Dripwater Delta,10,2206.0,0.6921809560753454,6,8
m7w6,4,74,M,Sugarbrook,13,2793.0,0.6703518311640408,5,7
s85t,6,16,F,Duelburg,10,1684.0,0.5226089386405313,5,8
zg5c,1,363,F,Narathil,15,2281.0,0.5104837175200808,5,7
hhfl,5,11,F,Slurpington,10,2137.0,0.6214916852117919,2,2
d8y7,5,15,M,Soggy Hollow,11,2961.0,0.8214618051213869,6,6
qt1i,5,36,F,Slurpington,10,1649.0,0.544118636218949,4,4
i7c5,5,25,F,Dripwater Delta,11,1771.0,0.5134409394559486,6,6
zqw6,6,123,F,Narathil,13,1972.0,0.5092051998919402,5,7
ojja,1,1369,M,Shield Barrow,16,2441.0,0.5704678548812249,5,6
1lrb,4,55,F,Puddington,12,1876.0,0.4886938772096585,5,6
o9ny,5,13,F,Slurpington,12,2301.0,0.574030933610875,7,7
3l3c,5,10,F,Toadstool Marshes,12,1825.0,0.4287845067778933,6,7
syf5,5,25,M,Toadstool Marshes,13,2144.0,0.5116472633106681,6,6
spip,5,18,F,Toadstool Marshes,10,1518.0,0.5103662534631864,5,5
3vj5,6,83,M,Narathil,10,1503.0,0.4383496851240641,3,4
jovd,4,37,F,Sugarbrook,11,2511.0,0.7478954793738063,6,10
sbng,5,13,F,Toadstool Marshes,11,1797.0,0.47138144553097416,4,4
2xqh,4,36,F,Jamshire,12,2381.0,0.588865078553859,3,4
6x1d,2,36,M,Gnome's Rest,14,2511.0,0.5656727727760434,4,7
iqf9,4,43,M,Jamshire,11,1681.0,0.4063200990516131,7,9
aqk8,3,26,M,Puddington,20,4068.0,0.6096731675990472,8,14
9pme,4,40,F,Greycliffs,10,1764.0,0.4819543819528665,6,9
22ee,3,53,F,Puddington,22,3257.0,0.46754709575325926,9,13
i779,5,589,F,Soggy Hollow,10,1802.0,0.5634561156147495,5,5
o3cy,4,76,F,Jamshire,12,2601.0,0.6495346723426758,5,7
n4v9,4,34,M,Jamshire,12,2210.0,0.49504978319870624,8,14
rhh5,0,11,M,Dripwater Delta,12,2461.0,0.5844162909811844,6,6
n4i3,5,14,F,Slurpington,10,1921.0,0.5910282234808472,4,4
xjkv,2,40,M,Threadbare,13,2400.0,0.5294219033059231,4,6
h6uq,4,34,F,Jamshire,16,2530.0,0.46877341539774026,6,8
z8bx,4,45,M,Puddington,10,1664.0,0.4545691330161767,7,9
2qhm,1,22,F,Jamshire,11,1768.0,0.42529076650842607,3,3
4ll2,5,26,M,Dripwater Delta,12,2486.0,0.6390454622178793,6,6
njy7,4,25,F,Greycliffs,11,2075.0,0.49487369224930083,5,5
gfqo,4,32,NB,Sugarbrook,15,2918.0,0.5611621392156061,5,7
gscp,4,54,M,Greycliffs,10,1972.0,0.5905705067502146,4,4
66ut,5,105,F,Soggy Hollow,10,2644.0,0.8116241901648348,3,3
u5td,4,37,M,Greycliffs,13,2597.0,0.5387941691430984,8,11
heub,4,59,M,Sugarbrook,10,2242.0,0.6709224540807848,4,5
7gz5,4,183,M,Boggy Bottom,12,1871.0,0.49580055246057725,3,5
j2vn,6,1142,M,Shield Barrow,16,2552.0,0.5718763447725458,4,4
l3ku,4,35,M,Jamshire,11,1270.0,0.3812480537583973,6,9
ao4a,0,11,F,Soggy Hollow,14,2438.0,0.46056475421318555,5,5
b3de,4,135,M,Jamshire,16,2650.0,0.5260354043401864,9,18
cnrj,4,33,M,Sugarbrook,15,2934.0,0.5506351987143481,4,6
3xn3,4,27,F,Greycliffs,10,2223.0,0.6301801620704465,6,8
3eta,5,12,F,Soggy Hollow,10,1759.0,0.5289928620119528,5,5
axvv,4,56,F,Puddington,12,1454.0,0.382795669453796,6,10
pzkr,1,35,F,Sugarbrook,15,2304.0,0.41377144686943174,4,5
w7b6,5,12,F,Toadstool Marshes,10,1877.0,0.5079725356963912,5,5
e4jj,6,89,M,Shield Barrow,13,1872.0,0.47510023549958497,2,3
9hlv,5,177,F,Soggy Hollow,10,2293.0,0.6841338041403636,7,7
8t8a,4,84,F,Sugarbrook,10,1896.0,0.5627417399045372,6,10
x4tp,5,13,F,Slurpington,10,2164.0,0.631591437998605,3,3
hom5,5,21,F,Soggy Hollow,14,2412.0,0.5342342048645445,6,6
d19x,2,145,M,Gnome's Rest,10,1804.0,0.5277590712502995,4,5
m8rb,3,384,F,Sugarbrook,10,1418.0,0.42901794805405064,6,7
s69q,5,15,F,Toadstool Marshes,10,2013.0,0.5932088710959853,5,5
8k32,4,50,F,Jamshire,14,2469.0,0.5495711493202029,7,10
gkkm,5,11,F,Soggy Hollow,13,2208.0,0.4442676113771323,4,4
rrhx,2,115,F,Gnome's Rest,11,1716.0,0.48983617768893295,4,7
enj4,4,27,F,Puddington,15,2336.0,0.46436949176039843,5,8
lj34,4,39,M,Puddington,21,3372.0,0.48378867855518864,9,12
mpcs,4,26,M,Jamshire,13,2677.0,0.6426922370209579,7,12
jfe6,1,10,M,Puddington,13,2653.0,0.6008573567617277,4,4
jd6t,5,12,M,Toadstool Marshes,15,2887.0,0.5974813585730511,6,7
hqrb,6,1018,F,Narathil,10,1335.0,0.478656371673219,5,9
t76d,6,2802,F,Narathil,12,1680.0,0.4634191312655456,4,5
bmq8,4,47,F,Puddington,10,2216.0,0.6579579521194605,7,10
ftxy,5,13,M,Toadstool Marshes,11,2824.0,0.7541432713231306,4,4
f2e3,3,72,M,Jamshire,10,1498.0,0.46916078861431254,3,3
hgjh,6,153,F,Narathil,11,2207.0,0.6714796728372666,5,6
p9l5,5,11,F,Toadstool Marshes,14,2426.0,0.4997729076772438,6,6
t2k3,2,45,F,Threadbare,12,2546.0,0.6208800757393959,4,8
zgf1,3,107,F,Greycliffs,13,2036.0,0.49526031146029303,7,10
9saf,5,12,F,Dripwater Delta,10,2430.0,0.6802806343327122,2,2
wyio,4,63,F,Jamshire,10,1553.0,0.4486967096402605,4,4
7yba,4,46,F,Jamshire,10,1814.0,0.5691175113381117,3,3
xrao,5,17,F,Toadstool Marshes,10,1354.0,0.4265279971455221,6,7
af49,4,36,M,Sugarbrook,14,2068.0,0.40690266878227066,8,13
138q,4,35,M,Greycliffs,15,2576.0,0.5316074963637217,8,15
31h4,4,35,F,Boggy Bottom,11,1696.0,0.4272549558972999,3,6
sa8j,6,12,F,Shield Barrow,11,1608.0,0.4860655113499093,4,4
1qdk,5,98,F,Toadstool Marshes,10,2036.0,0.6207753049057232,7,8
1ddr,4,15,F,Muckminster,13,1788.0,0.39696447769886656,3,6
27k3,5,16,F,Dripwater Delta,11,2216.0,0.6445772718259847,6,6
4p8z,5,14,F,Toadstool Marshes,10,2119.0,0.6815014103898166,1,1
8az8,1,278,M,Duelburg,12,1398.0,0.39305647376036834,4,6
2dwp,2,125,F,Gnome's Rest,13,2563.0,0.6304753380093159,4,7
u4gg,1,13,F,Sugarbrook,10,1069.0,0.2603725412399978,1,1
x3m1,5,16,F,Soggy Hollow,13,2392.0,0.5132491569722772,7,7
xfse,4,21,F,Sugarbrook,11,1795.0,0.48676009641178813,3,4
zfti,5,15,M,Toadstool Marshes,11,1715.0,0.4341628364733879,6,6
jown,4,39,M,Puddington,17,3260.0,0.6191481198596037,8,16
lz7e,4,22,F,Greycliffs,10,1933.0,0.5828613790679474,5,7
vw4x,4,194,M,Jamshire,10,2159.0,0.6617545236323805,8,11
j3x3,4,11,M,Sugarbrook,11,1334.0,0.36243108655105377,5,5
197y,1,22,F,Sugarbrook,11,2163.0,0.5936784893553567,3,3
esu7,3,38,F,Puddington,13,2662.0,0.5537732351712772,9,16
uxk8,1,10,F,Greycliffs,14,2046.0,0.40249445288395247,8,9
f16y,5,17,M,Soggy Hollow,12,2099.0,0.5704856942432293,4,4
hzwc,5,18,F,Slurpington,11,1945.0,0.5486271818308545,8,11
n8gu,5,21,M,Toadstool Marshes,11,1913.0,0.5624027746649491,6,7
xhb7,4,86,F,Muckminster,10,1316.0,0.40230160312263913,3,5
wdcf,4,14,F,Puddington,11,1611.0,0.384059386965389,6,8
mrww,5,26,F,Soggy Hollow,10,1966.0,0.6326161653510882,8,9
l2dr,4,65,M,Muckminster,13,2335.0,0.5610846663654827,3,6
xx2m,4,30,F,Greycliffs,13,1824.0,0.42148010892299936,8,10
7lov,5,21,M,Slurpington,13,2654.0,0.6524438195314273,8,9
ompv,5,31,F,Toadstool Marshes,12,1821.0,0.46946165919442223,4,5
jdbx,5,18,M,Soggy Hollow,12,2353.0,0.6467361477020789,7,7
ajwr,5,15,M,Toadstool Marshes,10,1777.0,0.5449581951610772,7,8
zdc2,3,141,M,Puddington,13,2636.0,0.6174437095742321,6,8
9qa6,5,20,F,Toadstool Marshes,12,2839.0,0.7756678333485496,8,8
qfbl,6,40,M,Shield Barrow,12,1706.0,0.3571169981657886,3,3
pelb,5,12,M,Slurpington,11,1702.0,0.4872050647873577,6,6
yfqu,5,20,F,Slurpington,11,2230.0,0.6276643895655994,4,4
leih,5,1598,F,Dripwater Delta,10,2067.0,0.6531387555120964,5,5
bzaw,5,28,M,Toadstool Marshes,10,1261.0,0.4448784351591364,5,7
urj2,4,146,M,Puddington,16,2642.0,0.5262480490190578,8,16
4tvg,5,15,F,Toadstool Marshes,10,2209.0,0.6795073285819131,8,9
wdde,4,97,F,Jamshire,10,2315.0,0.7435282191927904,6,9
jbo5,5,12,F,Slurpington,11,2106.0,0.6188074367866608,6,6
mvqc,2,275,F,Threadbare,11,2361.0,0.6451585515245174,4,7
wkoe,5,17,M,Slurpington,10,1733.0,0.5531869459625741,5,5
152j,5,27,F,Slurpington,10,1791.0,0.5968833351930989,4,4
qc9s,3,115,M,Greycliffs,10,1798.0,0.5340109854969743,8,15
ocxi,4,114,M,Sugarbrook,10,2324.0,0.7023799742664105,5,7
nens,5,11,NB,Toadstool Marshes,10,868.0,0.273908218439009,8,8
7h1t,5,12,M,Toadstool Marshes,14,2201.0,0.47365926959562665,6,6
vhxe,4,41,M,Puddington,12,1915.0,0.4458320118849634,7,7
zaz8,5,16,M,Dripwater Delta,11,1471.0,0.4143221968753999,8,10
kr8x,5,25,M,Dripwater Delta,12,2409.0,0.5996447917702934,5,6
s3ed,5,18,F,Soggy Hollow,10,1663.0,0.5052906405097843,7,8
sk6h,3,70,M,Jamshire,10,1218.0,0.37404729663414715,6,8
gc9u,5,12,M,Dripwater Delta,11,2260.0,0.6897765276070679,5,5
9ab2,5,11,F,Slurpington,12,2072.0,0.545466509823361,7,8
ehw5,5,14,F,Soggy Hollow,10,1801.0,0.5518505253359572,3,4
9jpw,5,15,F,Toadstool Marshes,12,2057.0,0.5214680239670788,3,3
qxxs,5,21,M,Toadstool Marshes,10,2133.0,0.7291895251350586,7,7
4fys,1,17,F,Sugarbrook,11,1084.0,0.27522095010557107,1,1
esfb,5,16,M,Soggy Hollow,10,2241.0,0.7108686773456456,6,6
9p5q,5,13,M,Toadstool Marshes,11,2341.0,0.6713472865995406,6,6
2p1b,5,10,F,Toadstool Marshes,11,2325.0,0.6008451594118017,3,3
2ffi,5,18,M,Dripwater Delta,10,1951.0,0.6023565613072115,7,7
3sv8,2,126,F,Gnome's Rest,15,3244.0,0.6688851721444468,4,5
76jf,5,14,F,Toadstool Marshes,10,1435.0,0.4171331165798865,4,5
dgzc,4,24,F,Sugarbrook,15,2340.0,0.46221289094912854,8,13
gw3r,2,33,M,Knitwick,13,2124.0,0.5082926377086411,4,7
hcso,3,51,F,Greycliffs,11,2184.0,0.6171149364837275,8,12
85c5,2,28,F,Threadbare,17,2745.0,0.45206297971783493,4,7
5l23,5,13,F,Slurpington,11,2053.0,0.6064687697377008,6,7
pnn4,4,151,F,Puddington,10,1862.0,0.6113983460913521,9,18
7p2r,5,14,M,Dripwater Delta,12,1781.0,0.4630736159521238,3,3
8lup,6,437,M,Shield Barrow,10,2050.0,0.6465568355364751,5,6
rtur,6,377,F,Duelburg,11,2025.0,0.6074688796763693,5,8
bt34,4,86,F,Jamshire,12,2417.0,0.6401589423969777,8,14
zxzy,4,31,F,Puddington,10,1659.0,0.5066619829028014,5,8
52me,4,28,M,Sugarbrook,19,2997.0,0.4507231845029897,6,12
ztpk,4,26,F,Puddington,11,2208.0,0.5228769031956277,3,3
my71,5,13,F,Slurpington,12,3015.0,0.7666949779885872,5,6
dzj1,4,38,F,Jamshire,13,2273.0,0.511998338998046,7,11
39gj,5,14,F,Dripwater Delta,10,1651.0,0.500768276071774,6,7
llmv,5,87,F,Dripwater Delta,10,1816.0,0.5387744171390876,7,8
2iuz,5,12,F,Soggy Hollow,10,2052.0,0.689701317198809,5,5
89x8,4,29,M,Gelatina Grove,10,1536.0,0.44103945537238676,2,2
ckab,5,12,F,Dripwater Delta,10,1267.0,0.38283322648787066,6,7
sl44,5,18,F,Soggy Hollow,10,1783.0,0.48516215224851333,4,4
ukxv,5,14,M,Dripwater Delta,12,2120.0,0.5496805254076522,6,6
vkmn,5,99,M,Dripwater Delta,10,1601.0,0.49466266029672284,6,7
n67v,5,16,M,Soggy Hollow,10,1819.0,0.6111590603802857,5,5
u3bk,5,739,F,Soggy Hollow,13,2433.0,0.5747180439066947,5,5
zzf2,1,693,F,Shield Barrow,14,2274.0,0.5673269967485469,5,8
ipja,4,32,F,Sugarbrook,16,1987.0,0.37175666069312924,8,9
mklv,5,11,F,Soggy Hollow,10,1602.0,0.5230256192101718,8,8
eud9,5,11,F,Dripwater Delta,12,2435.0,0.6151095582120759,6,6
l9ue,4,97,F,Jamshire,11,1608.0,0.4353497979518437,5,8
t2b7,4,15,F,Boggy Bottom,11,1444.0,0.3612522725266033,3,5
4f2z,5,17,F,Toadstool Marshes,12,2599.0,0.7070708803987541,3,3
tkyq,5,22,F,Slurpington,10,1635.0,0.5139618964755613,7,8
67a5,4,50,F,Puddington,11,1334.0,0.3742033452038507,6,9
jixl,1,990,M,Shield Barrow,12,1813.0,0.5428490821189081,5,5
5zq5,3,35,F,Sugarbrook,20,4408.0,0.6570560006246821,8,14
n6tc,4,73,M,Sugarbrook,10,2344.0,0.7770443355687293,6,9
kdfp,4,39,M,Greycliffs,10,1959.0,0.5886645386508659,6,10
zz6r,5,10,M,Soggy Hollow,13,1798.0,0.42239939625097,4,4
yu5w,2,11,M,Knitwick,10,1591.0,0.37998363415118963,4,6
p3zr,5,18,F,Dripwater Delta,13,2429.0,0.587736404575696,6,6
wnx9,5,16,M,Dripwater Delta,10,1548.0,0.4740644948566294,3,3
tkmt,5,16,M,Toadstool Marshes,14,2669.0,0.6119358439025425,8,10
435v,6,3409,M,Duelburg,12,1243.0,0.32779140990617567,3,3
i79z,5,1224,M,Soggy Hollow,14,2547.0,0.5504881573182807,8,11
fseu,5,35,F,Dripwater Delta,10,2272.0,0.7502529835492444,6,6
qbbd,3,17,F,Jamshire,13,2765.0,0.5866906050893312,4,5
nw4y,5,10,F,Toadstool Marshes,12,2246.0,0.5320597446817619,4,4
5gyt,5,14,M,Soggy Hollow,10,1990.0,0.6501615236618986,7,8
radn,4,87,M,Sugarbrook,13,1611.0,0.39184908624807413,8,15
tzmw,4,27,M,Greycliffs,10,1906.0,0.5460566256604689,6,7
vwns,6,82,F,Shield Barrow,15,2198.0,0.44639031075382946,4,4
m9kx,5,12,F,Toadstool Marshes,11,1437.0,0.3781712263318246,6,8
8vmz,3,46,F,Jamshire,13,2712.0,0.5898937695088546,7,9
dur4,5,12,M,Soggy Hollow,10,1962.0,0.6156040805940336,8,8
rv3k,5,11,M,Slurpington,12,1835.0,0.43952582253328504,3,4
dgn9,6,67,M,Narathil,11,1215.0,0.29674168237645415,4,4
x4il,5,21,F,Soggy Hollow,10,1832.0,0.6009045592612732,8,8
ad4k,5,22,F,Slurpington,11,2423.0,0.7313987294099306,5,5
jvsl,1,68,M,Greycliffs,10,2227.0,0.7687143170513161,2,2
y7kr,4,46,M,Puddington,10,1493.0,0.4454100729160328,6,7
to8p,4,42,F,Greycliffs,13,2219.0,0.5381444147476867,8,14
zdtf,4,32,M,Puddington,12,2066.0,0.5268941697785522,8,18
953p,4,29,M,Greycliffs,10,1796.0,0.5586079925523311,7,10
n1gt,4,23,F,Sugarbrook,12,1997.0,0.4602886495251626,6,8
cicr,5,19,F,Soggy Hollow,15,3239.0,0.6891693473235078,7,7
mid1,4,28,F,Jamshire,10,1564.0,0.4387612469288289,7,10
x5v3,1,40,M,Sugarbrook,18,2777.0,0.45119117614752025,8,10
h8z1,4,24,M,Sugarbrook,10,1420.0,0.4213279160020574,4,6
uo2l,2,17,F,Gnome's Rest,11,1284.0,0.2918697083229584,4,5
zthn,5,32,M,Soggy Hollow,11,1792.0,0.523258803196526,5,5
9wkw,4,21,F,Sugarbrook,10,1816.0,0.5309426277010105,4,6
m4dn,5,12,F,Slurpington,13,2947.0,0.6810121371840226,6,7
qmmx,1,22,M,Duelburg,14,1990.0,0.4842219474980453,5,5
6v2b,5,11,F,Slurpington,10,1867.0,0.6075247978102685,8,8
vtqb,5,11,F,Dripwater Delta,11,2345.0,0.6470321585154802,5,6
8yl4,4,46,F,Puddington,10,1568.0,0.47009331899260465,7,10
jcpv,4,89,M,Puddington,11,2228.0,0.6723307612882051,6,11
vnay,0,12,M,Slurpington,11,1748.0,0.42252613727605615,7,7
pvpm,4,63,M,Puddington,13,1884.0,0.46953957296838006,7,14
xi5k,4,76,F,Greycliffs,12,2130.0,0.5234489958181572,8,9
yrbr,5,11,M,Slurpington,10,1491.0,0.45165596160332366,4,4
h6s6,5,13,F,Toadstool Marshes,10,1977.0,0.596339086144722,4,4
bl5r,5,19,M,Slurpington,11,2113.0,0.6242459825752867,5,5
ohpd,6,80,M,Shield Barrow,11,1985.0,0.6021645604974941,2,2
4qbx,4,34,F,Boggy Bottom,13,1440.0,0.3259422026798796,3,5
yaxv,4,116,F,Puddington,10,2309.0,0.6810605334163717,8,12
se8v,3,34,M,Puddington,10,1956.0,0.5886334795458084,6,10
5u98,1,276,M,Narathil,10,1894.0,0.651295268974011,4,4
46f8,4,219,M,Puddington,11,2203.0,0.642103491992696,6,7
yolt,3,60,M,Greycliffs,13,2534.0,0.6070352655993629,8,19
1gct,4,34,M,Sugarbrook,13,2669.0,0.5868730132256824,5,6
ah6b,4,18,F,Sugarbrook,10,1965.0,0.5765090310344745,4,5
dehb,4,24,F,Gnome's Rest,10,1159.0,0.28435491009955893,3,3
b7iw,5,1090,M,Slurpington,10,2015.0,0.6431827932943952,8,9
do8w,5,1397,NB,Toadstool Marshes,11,1804.0,0.514661414702762,6,6
z3hd,1,438,M,Duelburg,11,2577.0,0.8099191540862338,5,7
9s2g,1,6532,F,Narathil,10,1470.0,0.5575583966048049,3,3
qn3a,1,1235,F,Shield Barrow,11,1934.0,0.5916268407704068,4,5
fyju,1,639,M,Shield Barrow,12,2176.0,0.5976615752715707,5,6
2uul,1,1145,F,Narathil,11,2148.0,0.6591364082022747,5,7
fxp2,1,1213,F,Duelburg,15,3209.0,0.7423091407888187,5,6
xril,3,58,F,Jamshire,14,2722.0,0.6355788760666548,7,15
aata,4,22,M,Gelatina Grove,10,1365.0,0.330539087030165,3,4
gpm2,6,11,M,Narathil,11,1731.0,0.45500179704979593,5,7
nb6i,1,663,F,Narathil,10,1656.0,0.5251955495600066,5,5
eg3a,5,10,F,Soggy Hollow,10,1805.0,0.5908337896354885,7,7
d55d,6,66,F,Duelburg,15,2541.0,0.4440419082271168,5,6
8yby,1,5527,F,Narathil,13,1929.0,0.5347158458925271,2,2
wckn,4,11,M,Greycliffs,14,1593.0,0.30331994524449113,6,6
tcnd,5,158,F,Soggy Hollow,11,2418.0,0.7034884007013429,7,7
dzaz,3,228,M,Sugarbrook,12,2428.0,0.597913926668619,7,15
s51n,4,61,F,Jamshire,13,1674.0,0.3978539633561316,6,9
fgj6,6,619,F,Shield Barrow,14,2933.0,0.6846518055151908,5,7
2zfq,5,19,M,Soggy Hollow,11,1807.0,0.5073597840008905,8,9
4p5b,2,58,M,Gnome's Rest,10,2318.0,0.7195515504585481,4,7
wv92,0,11,M,Toadstool Marshes,10,1875.0,0.48750896607663485,3,3
tjs4,4,46,M,Puddington,20,4125.0,0.630396618203699,8,18
ef9p,3,55,NB,Puddington,12,2324.0,0.5676376499183112,7,9
qwb7,5,14,F,Soggy Hollow,10,1295.0,0.37158293180090424,4,4
tbg1,1,668,M,Narathil,13,2137.0,0.560374307959991,5,5
w8vd,1,29,NB,Narathil,10,1669.0,0.590601880595483,5,5
zubl,1,290,M,Narathil,10,1654.0,0.561321992442618,5,8
z3ft,1,346,F,Narathil,12,1318.0,0.40093057141966965,5,7
dedn,1,3002,M,Duelburg,11,2313.0,0.7320173444423649,5,7
slx6,1,571,M,Duelburg,12,1577.0,0.4396533495875034,5,7
7c51,1,461,F,Duelburg,10,1865.0,0.6422405567384186,4,4
qqvc,1,2482,F,Duelburg,15,2348.0,0.5656745320979434,5,6
1f54,1,2823,M,Duelburg,11,1365.0,0.4547156930168367,5,8
er2a,6,2682,M,Narathil,11,1120.0,0.3142420109275887,5,5
eh2b,1,3920,F,Duelburg,12,1259.0,0.3883915206194903,3,3
3fb2,2,15,M,Knitwick,14,1913.0,0.3308832762012938,4,5
6tn6,5,17,M,Soggy Hollow,10,1659.0,0.51825834382954,8,9
uo44,1,1507,F,Narathil,11,2206.0,0.6847337478248874,5,5
22d8,5,14,F,Slurpington,14,2606.0,0.5973861602891909,5,5
4yfz,5,11,F,Soggy Hollow,10,1600.0,0.5079432086680761,4,4
i47w,5,14,F,Soggy Hollow,12,983.0,0.22581452757450182,7,7
l3co,4,101,F,Puddington,10,1860.0,0.5822137507713624,6,6
zxnd,2,24,M,Threadbare,17,2502.0,0.39722274337029445,4,6
s5tq,1,1246,F,Shield Barrow,12,2099.0,0.6207028972663253,5,6
scin,1,3110,M,Duelburg,10,2017.0,0.7162865546953741,4,6
3zhd,4,36,M,Jamshire,12,1592.0,0.38663128286540416,6,7
i8ia,1,1391,M,Shield Barrow,10,1509.0,0.5069033952663351,3,4
yiv2,1,706,M,Shield Barrow,16,2831.0,0.6453692974911116,5,7
5dln,5,16,F,Soggy Hollow,12,1570.0,0.4212022297778184,5,5
2lnp,5,12,F,Dripwater Delta,12,1575.0,0.3950129380677898,8,8
5mcp,1,3062,M,Duelburg,13,2846.0,0.7516434228980994,5,6
imsj,1,161,F,Duelburg,12,2288.0,0.6739607573827325,5,8
hzr3,4,133,M,Puddington,10,2119.0,0.6791601827485081,8,14
audw,1,444,F,Duelburg,11,1928.0,0.5747609841262921,4,4
1y9f,4,17,F,Greycliffs,12,1584.0,0.358143022912008,8,10
ecil,1,173,F,Shield Barrow,18,2801.0,0.6124977907093515,4,4
a6pf,0,10,F,Soggy Hollow,10,1476.0,0.36198798670719295,3,3
njde,6,11,F,Narathil,13,2638.0,0.5030994995884479,4,4
ykpg,1,1692,M,Shield Barrow,10,1797.0,0.610557878071827,5,6
lgzt,1,1637,M,Narathil,11,1335.0,0.41649614326298307,5,6
tvco,1,1239,M,Shield Barrow,11,2284.0,0.732155805094482,3,3
nlq2,4,51,M,Puddington,10,1377.0,0.38650142519927233,5,7
jg5i,1,2923,M,Shield Barrow,11,2162.0,0.6553704007676766,5,6
b3gh,1,2104,M,Duelburg,12,2070.0,0.6316982218387799,4,4
1i3x,5,15,M,Dripwater Delta,11,2375.0,0.6036345792123025,5,5
pz7p,1,2066,M,Shield Barrow,10,2059.0,0.6840672275404673,3,5
6eoj,1,410,F,Narathil,14,2061.0,0.47327614028545206,5,7
s9pq,1,4963,M,Shield Barrow,10,2105.0,0.7288664052801059,4,5
j36p,1,968,M,Shield Barrow,12,1331.0,0.37647125928407643,5,6
o1hg,1,2919,M,Narathil,16,2708.0,0.5648207195015814,5,9
c6he,3,43,M,Puddington,11,1463.0,0.39632929804941,5,7
3ywf,1,538,M,Duelburg,10,1555.0,0.5253361401026754,5,5
rtho,6,10,M,Narathil,12,2041.0,0.5572600351912397,5,6
lgu1,1,2603,M,Shield Barrow,14,1843.0,0.46364294071085393,5,9
3tlo,1,405,M,Narathil,10,1628.0,0.585813132422082,5,5
8yik,6,68,F,Shield Barrow,14,2991.0,0.6744293460077856,5,7
9hzi,4,21,F,Jamshire,12,1971.0,0.4489428334014847,4,4
9ly7,1,322,M,Narathil,10,1757.0,0.6390768381674026,5,7
r6di,1,275,F,Narathil,11,1306.0,0.4193329365284434,5,8
atv8,1,743,M,Duelburg,10,1377.0,0.46400340596804146,5,6
sdi1,1,4113,M,Shield Barrow,10,1459.0,0.48336432511424376,5,5
dn7i,4,27,M,Jamshire,10,2378.0,0.7159246203354411,3,3
sjys,1,439,F,Shield Barrow,12,2106.0,0.6084444912216113,4,5
d7dv,1,1538,M,Shield Barrow,10,1759.0,0.6597230152910626,5,5
x5il,3,11,NB,Greycliffs,12,1765.0,0.4185293910195251,8,15
6gl8,1,9667,F,Narathil,12,1661.0,0.48844973467728003,5,6
l8ck,1,1318,F,Narathil,12,1828.0,0.541452688536986,4,5
lg1f,1,12,M,Duelburg,11,1948.0,0.6438333508098313,3,4
uewb,6,17,F,Narathil,10,1386.0,0.43136725290936956,5,7
42e7,5,60,M,Dripwater Delta,10,1626.0,0.5115982681860041,6,6
cx2k,1,1697,F,Shield Barrow,13,1465.0,0.4013447161322046,4,5
nxlb,1,141,M,Duelburg,10,2329.0,0.7438231108349704,5,7
gyak,1,3634,F,Shield Barrow,10,2125.0,0.721938264113376,2,2
e79e,5,280,NB,Slurpington,11,1451.0,0.4221856990822804,7,7
q1jq,1,160,F,Shield Barrow,11,1748.0,0.5674662151919511,5,7
su9h,1,447,M,Shield Barrow,11,1351.0,0.4626826671889413,5,8
bxn1,1,2302,F,Shield Barrow,12,1192.0,0.3264302043689687,5,5
ky9r,1,2965,F,Narathil,10,1553.0,0.5202242724533745,4,4
6wlq,1,1473,F,Shield Barrow,11,2062.0,0.6610402086583703,4,6
8fh7,1,11,M,Narathil,10,1266.0,0.3969979463225201,5,5
cm7f,1,884,NB,Shield Barrow,10,1991.0,0.6685006836099077,5,6
eslo,3,185,M,Muckminster,12,2615.0,0.7515313612349316,3,4
sah1,1,12,M,Shield Barrow,11,1718.0,0.5336998383795739,5,7
fhrv,6,378,F,Duelburg,13,2228.0,0.5453875176230999,5,7
izr5,3,105,F,Puddington,10,1543.0,0.47430759714773824,5,5
cfoe,1,1000,F,Duelburg,11,1486.0,0.4361136826952165,5,6
6s33,6,103,M,Duelburg,11,2040.0,0.6061065738496848,5,5
fas6,1,2295,F,Shield Barrow,10,1986.0,0.744440339270784,5,6
qgmh,4,90,M,Greycliffs,12,2400.0,0.6295336102694029,6,8
awuu,1,307,F,Shield Barrow,11,1740.0,0.547029676343152,3,3
4vf9,1,3034,M,Duelburg,11,2023.0,0.6350257013675203,5,7
fcfe,4,40,F,Greycliffs,12,1141.0,0.3178939674494351,7,10
kshx,6,3451,M,Duelburg,11,1212.0,0.3307041676994156,5,7
74zm,1,257,M,Shield Barrow,10,934.0,0.3197425382664591,4,5
5vf6,1,643,F,Narathil,11,1661.0,0.5095388455753206,3,3
n86h,1,1586,F,Narathil,10,1759.0,0.6825098773697202,5,6
2gft,1,523,M,Narathil,13,1747.0,0.4735875353530473,5,6
hdtb,2,17,M,Knitwick,11,2435.0,0.5334351066895787,3,4
5asa,1,1485,F,Shield Barrow,10,1731.0,0.5845462289289676,3,3
v67c,4,25,M,Sugarbrook,10,1724.0,0.5243742549046585,6,6
ry11,4,19,M,Puddington,11,1756.0,0.44465078050539747,4,5
r34j,1,18,F,Shield Barrow,19,2761.0,0.5382053658375153,5,8
ztiq,1,1041,M,Narathil,10,1967.0,0.6583996450797762,5,8
b5nh,1,12,F,Duelburg,11,2327.0,0.7364206361402434,5,6
nefd,1,2445,M,Shield Barrow,13,2134.0,0.5883622661868186,5,6
4vta,1,2216,F,Narathil,10,1641.0,0.5702578835220826,5,6
xwud,1,1393,F,Shield Barrow,10,1897.0,0.6815418587319536,5,7
1b9h,5,27,M,Soggy Hollow,14,2744.0,0.6023962107758926,8,10
5zrk,1,3602,F,Duelburg,11,1604.0,0.5139487536981369,5,7
fwg4,4,16,F,Sugarbrook,12,1775.0,0.4023103279901099,5,9
d5q6,4,25,F,Puddington,10,1532.0,0.4620101177854862,9,17
9ad4,1,2853,M,Narathil,13,1442.0,0.38237863058831734,5,5
3t48,1,1491,M,Narathil,15,2921.0,0.704309748381988,5,6
xhd9,4,145,F,Sugarbrook,13,2356.0,0.5887463681198526,8,13
i4gv,5,10,M,Soggy Hollow,14,1912.0,0.3781802277835643,7,8
bd72,1,750,F,Duelburg,14,2556.0,0.6128162749366374,5,5
xfws,4,46,F,Puddington,11,1971.0,0.5842885679393076,7,10
h1fc,1,346,F,Duelburg,10,1606.0,0.5456193326667569,5,5
7hbr,1,2936,F,Shield Barrow,10,957.0,0.3440427503421938,5,8
tz6m,4,138,M,Greycliffs,11,2002.0,0.623853980772128,8,16
mewy,1,348,M,Duelburg,12,1813.0,0.5457197541845632,4,5
n2io,4,43,F,Jamshire,11,1914.0,0.5035121432235158,4,4
luog,5,14,F,Toadstool Marshes,10,2258.0,0.7137785909652294,5,5
i2xk,1,981,M,Duelburg,14,3192.0,0.7721934240726093,5,6
tgw9,1,2694,F,Shield Barrow,10,2042.0,0.7337142748826646,3,3
jq81,3,25,M,Jamshire,13,2518.0,0.5115705103523172,6,6
rn2k,1,8423,M,Duelburg,12,1830.0,0.5552180422493078,3,4
y5w2,4,137,M,Jamshire,12,2455.0,0.7245500777464495,4,6
h4jc,1,4027,M,Narathil,15,2823.0,0.6887006994553595,5,6
tbf7,1,1688,M,Narathil,10,1831.0,0.6692495631925329,4,7
wnd1,1,430,M,Duelburg,10,1302.0,0.4190298567518228,4,4
74rf,4,26,F,Puddington,15,2805.0,0.5618781150760829,6,10
pxte,4,12,M,Puddington,16,2280.0,0.3274008134267064,7,8
bruq,1,12,M,Duelburg,10,1813.0,0.6545914406800687,5,6
8392,1,272,F,Duelburg,10,1466.0,0.5130131204251313,5,7
g1ph,1,515,M,Narathil,11,1970.0,0.6263170089080802,3,4
1qth,1,891,F,Duelburg,11,1758.0,0.5763231659130329,4,5
tpjk,1,816,F,Shield Barrow,13,2508.0,0.6552360903013544,5,6
vjpe,1,3547,F,Narathil,10,1293.0,0.4561054839448329,5,6
d5s2,6,120,F,Shield Barrow,10,1871.0,0.6095827149448448,5,6
v24u,1,2639,M,Duelburg,12,1767.0,0.5156458841670887,4,4
44b5,4,47,NB,Jamshire,12,1599.0,0.44369038808115663,5,11
dlz8,4,28,M,Boggy Bottom,10,2404.0,0.7375218836119349,3,7
g422,1,1849,F,Narathil,12,2250.0,0.6862154027557937,4,6
btyp,2,123,M,Gnome's Rest,14,3073.0,0.705738622673212,4,7
x852,4,23,M,Jamshire,11,2025.0,0.530267265696573,8,12
zah8,1,34,F,Narathil,10,2051.0,0.6404354146492944,5,5
ft1n,4,42,F,Jamshire,17,2711.0,0.4693731404988161,6,7
7553,1,1685,F,Narathil,10,1171.0,0.4052803530317347,5,5
7bc7,5,15,M,Soggy Hollow,11,2019.0,0.5259199071604134,5,5
rusq,1,4534,M,Narathil,11,1497.0,0.5119160073737855,5,9
6y5d,1,5799,M,Shield Barrow,10,1666.0,0.5672479501422434,3,3
m72v,1,406,F,Shield Barrow,11,2023.0,0.6249080268866648,4,4
v1m8,3,39,M,Jamshire,10,1942.0,0.5668709374412082,5,8
79e7,2,50,F,Knitwick,10,2075.0,0.6535155993977829,4,8
8e6h,1,812,M,Shield Barrow,14,2711.0,0.6735025182228427,5,9
bk3s,4,43,F,Puddington,12,1947.0,0.49516295942057975,7,11
ncf4,3,34,F,Sugarbrook,16,2258.0,0.43247957685817584,6,7
dxw4,1,935,F,Shield Barrow,10,1408.0,0.5060021662765035,4,4
qv1b,4,19,M,Jamshire,10,1453.0,0.4796289143173699,5,6
y1ov,4,14,M,Puddington,12,1359.0,0.3282755973761258,7,10
2xpm,6,14,M,Narathil,10,1553.0,0.5188517926197281,3,3
ijca,1,5203,F,Duelburg,13,1724.0,0.523041305856529,4,4
oram,1,529,M,Duelburg,13,2197.0,0.5914723479647566,2,2
x7si,1,789,F,Shield Barrow,10,1297.0,0.447987413460051,5,7
2dmu,2,35,F,Threadbare,11,1527.0,0.4292121110135278,4,8
8r3l,4,35,F,Puddington,12,2006.0,0.4944558927264164,8,13
m7zf,1,2570,F,Shield Barrow,10,1855.0,0.683638982630775,5,6
k2gr,4,22,F,Puddington,16,2026.0,0.37172234799061354,6,9
hvdd,5,14,M,Dripwater Delta,11,2258.0,0.6286486810300629,4,4
cowz,5,26,M,Toadstool Marshes,11,1776.0,0.4838217061066277,7,8
1rxu,1,2035,F,Shield Barrow,12,1318.0,0.42249440043670766,5,5
afje,4,60,F,Puddington,10,1513.0,0.48614933545396977,9,15
ciun,1,2320,F,Narathil,10,2000.0,0.6950821281687783,5,7
ej67,5,12,F,Soggy Hollow,10,1391.0,0.4203998919154735,3,3
5bma,1,2351,M,Duelburg,13,2265.0,0.5671811045319274,5,8
wlmt,6,462,F,Duelburg,11,1394.0,0.42332418847026376,5,5
xu1w,4,72,F,Jamshire,10,1767.0,0.5832635985842188,4,6
2tk7,2,22,F,Threadbare,11,1674.0,0.492012199708928,1,1
hfxl,4,18,M,Gelatina Grove,10,1651.0,0.4635899906219471,3,6
edu6,3,64,M,Sugarbrook,11,2019.0,0.5172208958883965,8,15
b5zy,6,130,F,Shield Barrow,11,1682.0,0.46960537898578886,5,7
nzn9,2,12,NB,Gnome's Rest,12,1981.0,0.4074444453481352,3,3
w8bb,1,150,M,Shield Barrow,12,2354.0,0.7224737217733557,5,8
5svt,5,22,F,Toadstool Marshes,10,1652.0,0.497750631697631,7,9
54z2,1,513,M,Shield Barrow,11,1289.0,0.393041207009488,4,4
vxrj,2,72,F,Gnome's Rest,12,2634.0,0.6798205251939842,4,6
1npc,1,1055,F,Shield Barrow,14,2716.0,0.6677295411316139,5,6
8nsz,4,18,F,Puddington,14,2475.0,0.46371916947737174,5,6
qxhp,1,332,M,Narathil,13,2156.0,0.5928321621935395,5,6
af1t,3,65,M,Sugarbrook,11,2223.0,0.6271871724594867,6,10
ory5,5,11,F,Slurpington,11,1929.0,0.5381060596974335,5,6
w79t,1,15,M,Shield Barrow,11,1651.0,0.5259564576581314,5,8
sqcy,6,228,M,Duelburg,10,1262.0,0.4649858768682498,4,4
4czc,1,11,F,Duelburg,13,1997.0,0.5085128986918396,5,5
9npi,1,23,M,Puddington,11,1836.0,0.4429058550121947,1,1
bojy,4,32,M,Greycliffs,14,1814.0,0.384418703977319,7,11
t4h9,1,459,F,Narathil,11,1410.0,0.45307162244196647,5,6
2bz9,1,2988,NB,Shield Barrow,12,2304.0,0.6627083550510127,5,8
pxlf,3,45,M,Sugarbrook,12,1816.0,0.4366656079905638,8,10
5xbx,1,1389,M,Narathil,10,1943.0,0.6762871225420457,4,4
lskr,1,802,M,Narathil,11,1267.0,0.407751501825549,5,8
xhzz,1,1203,F,Narathil,12,2335.0,0.6656002643589473,4,5
fhi9,3,20,M,Greycliffs,11,1972.0,0.506879219657598,4,5
olmc,1,156,M,Duelburg,11,1409.0,0.49819312124721793,5,7
mydo,1,553,M,Narathil,13,1733.0,0.4769887176386774,3,3
y4pj,1,2453,M,Narathil,10,1436.0,0.5057983831818749,5,6
xqlh,3,18,F,Greycliffs,10,2309.0,0.6364571148582955,4,7
ofid,5,12,F,Slurpington,11,1476.0,0.38035976144275147,6,6
abrx,1,5497,M,Shield Barrow,10,1050.0,0.35356117744990345,4,6
ae68,5,14,M,Dripwater Delta,10,2089.0,0.6174497084016387,3,3
fllk,1,3974,M,Duelburg,13,2425.0,0.6536795124018427,5,6
mfks,1,20,M,Narathil,16,2884.0,0.6279305538942289,5,7
ei1o,1,454,F,Duelburg,13,2284.0,0.6219181652097886,5,5
tavt,5,12,F,Dripwater Delta,11,1462.0,0.3798826745637232,7,8
9jdn,1,1151,F,Narathil,12,2231.0,0.7181829710614847,3,4
vqic,4,98,M,Jamshire,10,1158.0,0.36027876076682636,8,14
q48a,1,1725,F,Narathil,13,1616.0,0.4375501174986127,5,6
emb1,4,34,M,Muckminster,13,1922.0,0.44172843645572957,3,5
r52f,1,1374,F,Duelburg,12,1930.0,0.6225102052251728,5,9
zhb8,1,38,M,Duelburg,13,1907.0,0.5675433666620817,5,8
f9mf,5,17,F,Slurpington,10,1394.0,0.41305359309037337,7,8
v3w5,5,14,F,Toadstool Marshes,11,2529.0,0.674408105790413,5,6
8igu,1,69,F,Shield Barrow,11,1462.0,0.42853025259869343,5,6
uham,3,20,M,Puddington,11,1506.0,0.3937861818306445,7,12
7nax,1,1212,M,Narathil,11,1993.0,0.6453590983978335,4,5
5mxw,5,21,F,Slurpington,11,2123.0,0.5827379086077117,3,3
aov6,1,563,M,Shield Barrow,10,1772.0,0.62068024018348,2,2
agly,1,3499,M,Shield Barrow,10,1814.0,0.6480498963306542,5,8
jdgl,4,28,F,Sugarbrook,10,1887.0,0.5706730454571844,6,9
vju2,1,2322,M,Shield Barrow,15,2342.0,0.586865809493076,5,6
bwg1,3,12,M,Jamshire,13,2146.0,0.516404592429615,7,10
vopt,3,113,M,Greycliffs,11,1851.0,0.5285480209673328,6,7
3rkt,1,413,M,Narathil,15,3096.0,0.758626215949074,5,6
mqt6,1,602,M,Duelburg,10,1528.0,0.5473159332250657,5,8
vuhe,1,1971,M,Shield Barrow,10,1758.0,0.6020117427645906,5,7
ynvy,4,23,F,Sugarbrook,12,1979.0,0.5173441550609487,7,9
kv1b,4,204,M,Puddington,14,2488.0,0.630005725909783,6,9
4n59,1,1663,M,Shield Barrow,11,1187.0,0.38153975143006663,5,7
6ux4,4,51,M,Jamshire,10,1731.0,0.5136176088224157,5,7
q4ut,1,34,F,Jamshire,16,1819.0,0.3667710641932679,8,13
1dd5,1,20,M,Shield Barrow,11,2247.0,0.6944841593051543,5,6
5z1e,1,4070,F,Duelburg,10,1573.0,0.6106576896838655,5,7
qhcu,1,753,F,Shield Barrow,12,1793.0,0.5202434531592706,5,8
8h2g,4,115,F,Greycliffs,13,2654.0,0.6786360707442805,6,10
52p8,1,1305,F,Duelburg,10,1682.0,0.6043198916427044,5,5
nkm5,4,14,M,Jamshire,10,1347.0,0.356643020438129,4,7
hpkk,2,126,M,Gnome's Rest,11,1917.0,0.5912550016691053,4,5
a7zw,1,2573,F,Shield Barrow,13,2224.0,0.5792112133081451,5,6
8olv,4,22,M,Sugarbrook,16,1877.0,0.35316889679287133,6,9
7b1e,4,54,M,Puddington,13,2244.0,0.5220271408835553,6,8
vz1l,5,12,F,Soggy Hollow,11,1214.0,0.3581011495889641,2,2
qspz,1,2225,M,Duelburg,10,2251.0,0.7844630593795603,5,5
3r2s,4,44,M,Sugarbrook,10,1403.0,0.4236551486339411,3,4
ld7y,1,833,M,Duelburg,12,2132.0,0.6163018719158191,3,4
puh7,4,23,F,Greycliffs,14,2123.0,0.45442520093447675,4,5
el4b,1,494,M,Shield Barrow,13,2531.0,0.6722830875500138,5,6
3wxk,4,56,M,Sugarbrook,13,2005.0,0.5074324583844603,4,7
6zec,1,5246,F,Narathil,11,1828.0,0.5818055772225138,4,4
l13x,1,2054,M,Narathil,14,2208.0,0.5415261090679022,5,6
6db9,2,35,F,Knitwick,11,2374.0,0.7105500943280156,4,8
h72u,4,98,NB,Jamshire,12,2192.0,0.585225748440623,6,7
8s2i,1,2062,F,Shield Barrow,12,2111.0,0.6075201045019336,4,5
53qh,6,1094,M,Duelburg,10,1818.0,0.5592326090859253,4,4
oxum,5,12,M,Slurpington,10,1763.0,0.503767335430661,4,4
98km,5,13,F,Slurpington,11,1886.0,0.4891546249718411,5,6
jzun,1,3215,M,Narathil,15,2354.0,0.5662694506304328,5,6
jf73,1,379,F,Shield Barrow,10,1529.0,0.5427770061770046,5,7
iguu,4,50,M,Sugarbrook,10,1563.0,0.5211140301921474,6,11
aj1b,1,472,M,Shield Barrow,15,2030.0,0.4775307730035053,5,7
ozj5,4,61,F,Puddington,11,1679.0,0.485559481852583,9,18
8ywa,1,1424,M,Shield Barrow,13,2437.0,0.6807443549190051,5,7
42j2,1,572,F,Duelburg,12,1903.0,0.5485453646283188,5,7
idxz,1,844,M,Shield Barrow,12,1755.0,0.5107592301401209,4,4
rxv8,1,1287,M,Duelburg,10,1798.0,0.6805322830634463,4,4
ovwu,1,2199,M,Narathil,11,2261.0,0.7094687468486602,3,3
93eh,1,1073,F,Shield Barrow,13,1574.0,0.43435344875804316,3,3
oss5,2,251,NB,Threadbare,16,2639.0,0.48818422528907446,4,7
utkc,6,129,F,Duelburg,10,1403.0,0.4291359685742725,4,4
ltde,1,3087,M,Duelburg,10,1409.0,0.4723011243169923,5,8
nq51,1,231,F,Narathil,13,1644.0,0.46331949557787955,5,5
fjlb,4,22,M,Greycliffs,13,1449.0,0.34065629730424946,6,11
qjlf,1,2141,M,Duelburg,10,1631.0,0.5720180188741198,5,7
l8wq,1,1037,F,Narathil,10,1767.0,0.6418736802276276,4,5
kswv,4,70,F,Sugarbrook,12,1693.0,0.455582401832297,5,7
fiql,1,10,M,Duelburg,16,2660.0,0.5785335858622479,5,5
dm7t,4,11,M,Jamshire,12,1420.0,0.30169452863793006,6,7
stk2,1,2160,M,Shield Barrow,12,1816.0,0.45983327934694945,3,3
fwha,5,10,M,Slurpington,11,2772.0,0.780711847681184,4,4
fs6y,4,17,F,Sugarbrook,10,1276.0,0.3423737363127163,9,14
rkc4,1,241,M,Shield Barrow,13,2024.0,0.5395467650152841,5,7
np5b,2,16,M,Knitwick,10,1356.0,0.39459696651390513,2,3
ipuj,4,54,F,Jamshire,13,2162.0,0.5545282124553328,9,14
9opt,1,17,M,Jamshire,13,2496.0,0.545640630165289,2,4
4dr5,4,64,F,Sugarbrook,13,2353.0,0.6666896722570445,6,7
nop4,6,4192,M,Duelburg,11,1741.0,0.563777254383855,3,3
ilr3,1,17,NB,Narathil,10,1192.0,0.42090639842063354,4,5
lqdz,1,569,F,Shield Barrow,10,1683.0,0.578374557670293,5,5
iuxv,4,30,F,Puddington,14,1822.0,0.39567304867954567,7,11
lwt1,1,1779,M,Shield Barrow,13,2924.0,0.8141517136842306,5,9
1ock,6,2419,F,Shield Barrow,10,1698.0,0.5397589811179538,3,3
ppua,3,127,F,Sugarbrook,11,2416.0,0.6882567149579647,8,15
e63o,4,17,M,Jamshire,14,1604.0,0.341537576171106,7,12
o5yo,1,1157,M,Duelburg,15,2452.0,0.5737935389644963,5,7
7o5c,5,21,F,Toadstool Marshes,10,1445.0,0.48289190542413546,6,6
mqvt,5,42,M,Soggy Hollow,11,1800.0,0.5017355969316059,4,4
kyxx,1,426,F,Duelburg,11,1793.0,0.554704746714084,5,5
lvv8,4,47,M,Jamshire,15,2115.0,0.4438023615053537,9,16
fhyz,1,2742,M,Shield Barrow,15,2907.0,0.7257083741329298,5,8
wz19,1,24,M,Jamshire,15,2905.0,0.5769136842830321,2,3
67qi,4,258,M,Greycliffs,10,1290.0,0.4224406462433533,7,7
q29u,4,30,M,Greycliffs,12,2278.0,0.5373238081011052,6,8
9ngp,6,3771,M,Duelburg,10,1517.0,0.5025213760663834,4,4
6api,3,31,F,Boggy Bottom,15,2197.0,0.4396176942659343,3,6
9drf,4,24,F,Jamshire,14,1829.0,0.33138500473313176,7,10
4hmp,5,13,F,Slurpington,10,1895.0,0.62246407132622,6,6
3ehi,5,38,M,Slurpington,10,1362.0,0.40204109761736967,3,3
z4ev,5,11,F,Soggy Hollow,10,1904.0,0.578931369465385,7,7
9ypj,1,535,F,Shield Barrow,10,1252.0,0.42536183804987526,5,7
d1q5,2,47,M,Threadbare,10,1389.0,0.43818844651378797,4,7
ndud,5,19,M,Toadstool Marshes,10,1597.0,0.5470766306487712,8,8
67ib,2,26,M,Knitwick,11,1213.0,0.3348711856260336,4,8
vqbs,4,49,F,Jamshire,11,1819.0,0.524610439934145,2,2
sc5q,5,24,F,Dripwater Delta,11,1559.0,0.4765560044882504,6,6
l5to,1,2142,M,Shield Barrow,15,1584.0,0.37773576312487633,3,4
45zy,1,1469,M,Duelburg,12,2258.0,0.6711392859856414,5,8
5sl1,4,54,F,Greycliffs,11,1449.0,0.4139911088989234,7,8
dc3d,4,14,M,Greycliffs,12,1528.0,0.30616528835912227,5,7
twdx,4,45,F,Jamshire,17,3233.0,0.5715503262821732,7,13
37vd,1,1543,M,Duelburg,11,2078.0,0.6528602920104963,5,8
hdx5,5,720,M,Dripwater Delta,11,1575.0,0.5127667235187577,5,6
df34,5,13,M,Slurpington,12,2102.0,0.5160466096471575,5,5
uioo,1,1382,M,Shield Barrow,10,2254.0,0.7570222505843349,5,5
ahez,4,24,F,Jamshire,13,2096.0,0.4711093506216452,6,9
wqnh,1,456,F,Narathil,10,1543.0,0.5249964611003577,4,4
f344,1,832,M,Shield Barrow,10,1335.0,0.4477306825365922,5,5
djhr,4,51,F,Jamshire,11,1520.0,0.394182530242851,1,1
ma95,4,62,F,Greycliffs,11,2077.0,0.6262330920743762,6,8
oh6l,5,23,F,Soggy Hollow,10,2064.0,0.6582653114501132,5,5
7emx,5,46,M,Toadstool Marshes,11,1786.0,0.49004799679254896,4,4
l17r,4,116,F,Puddington,11,1633.0,0.45217422160084236,4,5
si7t,5,11,F,Dripwater Delta,12,2374.0,0.5683214021049275,5,5
2aeg,5,11,F,Toadstool Marshes,11,1377.0,0.4071914845132016,3,3
zwwy,5,2809,M,Toadstool Marshes,10,1457.0,0.4918248406303025,5,5
zh55,5,12,F,Soggy Hollow,11,1472.0,0.42525097219730573,6,7
cljm,5,10,M,Toadstool Marshes,10,1648.0,0.5396492918099962,6,6
ge9b,1,399,F,Narathil,10,1839.0,0.6526866078083791,5,7
qqtv,4,18,F,Greycliffs,10,1775.0,0.47451460138783935,5,6
5sya,5,11,F,Toadstool Marshes,11,1829.0,0.4811512510295712,5,5
nvy5,1,2602,M,Duelburg,13,1641.0,0.465026767461303,4,4
bmzu,1,111,F,Shield Barrow,11,1487.0,0.4147574891434246,2,2
1ob8,4,64,F,Sugarbrook,12,2478.0,0.6174984933862524,6,8
8tmy,1,1467,F,Narathil,11,1573.0,0.5091151829070589,5,6
z1jx,1,4998,F,Narathil,10,1778.0,0.6097513899173685,5,5
2nlh,5,14,F,Soggy Hollow,11,1364.0,0.36125465743926183,6,7
kw84,1,10,M,Narathil,14,1608.0,0.37302172453087795,4,5
37bf,1,473,M,Narathil,10,1908.0,0.6935006010340048,5,6
tfob,4,35,F,Sugarbrook,10,1540.0,0.4751722650940156,5,10
8yi4,4,93,M,Sugarbrook,14,2093.0,0.5029499504198919,8,14
zgax,3,97,M,Puddington,13,2494.0,0.5909533338815673,9,15
xytu,1,1168,F,Narathil,10,2187.0,0.7486569280829448,5,7
hn4d,1,2190,M,Shield Barrow,11,1979.0,0.6644383308761967,3,3
o8xa,1,1777,F,Shield Barrow,11,1596.0,0.4970183326441184,4,5
9xkz,2,38,F,Knitwick,14,2871.0,0.6356493798567533,4,7
8p7w,6,2398,F,Narathil,16,2841.0,0.6055799327974883,5,6
7f8i,5,17,F,Toadstool Marshes,10,1413.0,0.43253474977798395,4,4
krs9,5,16,F,Slurpington,10,1968.0,0.6420289627245254,6,6
f6p3,4,45,M,Sugarbrook,10,1353.0,0.4287147872187932,5,7
ytt5,5,27,M,Dripwater Delta,12,1016.0,0.2268652899744699,5,5
75c1,5,11,F,Dripwater Delta,11,1310.0,0.3293907723583193,6,6
2b41,4,23,F,Jamshire,10,1791.0,0.4813397873462967,1,1
t52r,3,15,F,Sugarbrook,12,2057.0,0.48628693128803363,4,5
3cw6,5,18,F,Soggy Hollow,10,1460.0,0.41382372555061037,4,4
z794,5,12,F,Slurpington,10,1929.0,0.59607735529975,6,7
ssue,5,12,M,Slurpington,10,1952.0,0.5839939675575427,1,1
3tio,1,1296,F,Shield Barrow,10,1715.0,0.6158307888993904,4,4
o579,5,11,M,Slurpington,10,1256.0,0.3881846786756525,1,1
s539,6,683,F,Duelburg,11,1351.0,0.4079362536110993,4,5
q7hf,5,13,NB,Toadstool Marshes,13,2188.0,0.47604171847147153,4,4
jmst,4,51,F,Puddington,13,1772.0,0.42590285722017157,7,7
pbms,3,19,M,Puddington,15,2258.0,0.44832285480045075,8,11
s3ep,1,628,M,Narathil,12,1846.0,0.5805687349552997,4,5
h19e,2,17,F,Knitwick,11,1279.0,0.2708993067421883,3,3
d11y,2,35,F,Gnome's Rest,10,1397.0,0.42766285847194874,4,7
7isg,5,298,F,Slurpington,10,2034.0,0.6125123424403326,5,6
bfwr,1,68,M,Sugarbrook,10,1698.0,0.5858696167676526,3,4
slee,1,560,F,Duelburg,12,1621.0,0.5046161670295698,4,4
bdzr,2,67,M,Gnome's Rest,16,2734.0,0.5429905005453475,4,8
1shy,5,16,M,Soggy Hollow,10,1310.0,0.3925045780292712,4,6
egkj,1,1923,F,Narathil,14,1929.0,0.43485564012434313,4,5
xdcl,5,13,F,Toadstool Marshes,10,2066.0,0.6885548015406876,4,4
d69z,4,65,M,Jamshire,10,1772.0,0.6358922345575637,5,9
n15n,3,14,M,Jamshire,13,1384.0,0.2886336547413634,7,10
uedz,5,16,M,Soggy Hollow,10,1884.0,0.6492263560348928,5,5
scga,1,40,F,Sugarbrook,12,1884.0,0.47148130784905257,3,3
a6le,1,17,M,Greycliffs,12,1828.0,0.3891587849112914,2,2
t7iq,1,1578,F,Narathil,11,2221.0,0.6766962810179313,4,4
hmt2,1,1302,F,Shield Barrow,11,1832.0,0.5625299890896721,5,7
gjln,5,263,M,Slurpington,11,2382.0,0.6563341537792294,4,4
fjv6,0,65,F,Slurpington,11,1633.0,0.4193041638201312,5,6
dbwf,6,26,F,Duelburg,12,2656.0,0.7138438652232267,5,9
7bgd,4,37,F,Sugarbrook,14,2606.0,0.4852064180368572,7,8
5z8n,4,27,M,Jamshire,13,1824.0,0.38509304886939233,9,14
lp2o,4,35,M,Sugarbrook,12,1709.0,0.44302255414393094,6,13
rwws,1,928,M,Narathil,11,1858.0,0.602141234031272,5,5
41jl,5,16,M,Dripwater Delta,10,1472.0,0.4826292001394619,7,7
myoo,1,565,F,Duelburg,13,2394.0,0.6391499830488118,5,6
l113,4,97,F,Puddington,11,1748.0,0.4975796167454083,7,11
ztyc,1,1538,F,Duelburg,10,1694.0,0.6278691454052018,5,5
ade7,4,29,F,Greycliffs,13,2299.0,0.4917228208845796,5,6
b2ns,5,13,F,Toadstool Marshes,12,1559.0,0.42555713320855304,4,5
lgju,2,115,M,Threadbare,10,1540.0,0.5018244608339859,4,8
4iq4,1,2700,F,Shield Barrow,10,2035.0,0.7733909584807418,5,8
azyo,5,18,NB,Soggy Hollow,10,1454.0,0.4587983600834614,4,6
vj8q,4,15,M,Sugarbrook,14,1769.0,0.34831625174080244,5,6
5fi6,0,17,M,Soggy Hollow,11,2034.0,0.5010435923657772,2,2
yirz,5,27,F,Toadstool Marshes,10,1690.0,0.526679274294351,5,5
xd39,5,13,M,Toadstool Marshes,10,1762.0,0.5077196101850661,3,3
9rki,1,1294,F,Narathil,11,1719.0,0.5685901909773731,5,8
kdli,1,1202,F,Narathil,10,1906.0,0.6467786962138949,4,5
qu12,1,5126,F,Shield Barrow,12,1689.0,0.5169194799924065,5,5
iv5a,1,836,M,Narathil,12,2483.0,0.8001918579267483,5,6
mzrd,1,440,F,Shield Barrow,11,1859.0,0.5616221282417397,5,5
jtya,1,11,F,Narathil,14,2426.0,0.5674102519518505,4,4
d78u,4,24,M,Jamshire,10,2135.0,0.6055858526207485,4,4
tgnf,4,143,M,Greycliffs,10,1556.0,0.5305586293943388,7,12
6mox,1,2560,F,Shield Barrow,10,1283.0,0.41629653728729626,3,5
g5q6,2,22,F,Threadbare,10,2077.0,0.5260338752444358,4,7
ebb7,1,5590,F,Duelburg,13,1482.0,0.40091704394100725,5,6
9msv,1,801,F,Shield Barrow,10,1329.0,0.4607362809558054,2,2
cb5n,1,867,M,Narathil,10,1341.0,0.4610507710480144,5,5
oiuy,4,30,F,Puddington,10,1276.0,0.3626350873217345,5,6
cjib,4,23,M,Greycliffs,11,1430.0,0.3702783863660785,8,9
83fv,5,11,F,Toadstool Marshes,12,1494.0,0.37364913913580233,7,7
8ul4,6,66,F,Duelburg,12,1375.0,0.3349087252726844,4,7
dtta,1,522,M,Narathil,11,1542.0,0.4957340613853607,5,5
g8cg,2,105,F,Threadbare,10,1632.0,0.5403951662847477,4,6
6y9i,1,4459,M,Shield Barrow,11,1599.0,0.5005337825943195,5,5
7abf,1,790,M,Shield Barrow,11,1444.0,0.5188971925153447,5,8
38bt,5,16,M,Slurpington,10,1549.0,0.5127133890905975,5,5
44tp,1,4240,M,Duelburg,12,1943.0,0.5631119682304812,5,9
yn47,4,15,M,Sugarbrook,12,1588.0,0.35366865904059847,6,6
b9j7,5,18,M,Toadstool Marshes,10,1783.0,0.5997844425515588,5,6
sp9w,4,33,F,Greycliffs,12,1561.0,0.3475858252013522,7,10
qk2u,6,830,M,Narathil,11,1057.0,0.3010235841820991,2,2
j7ps,1,135,F,Narathil,12,2032.0,0.5394929617247953,4,5
1k4q,4,51,M,Sugarbrook,11,1873.0,0.5556914646559926,6,10
85pq,1,656,M,Duelburg,10,1779.0,0.6520315158848697,5,5
geld,4,36,M,Sugarbrook,13,2331.0,0.5872801966361757,5,7
mg91,1,271,F,Duelburg,11,1666.0,0.5914993596664111,5,7
xrat,6,740,M,Shield Barrow,12,2084.0,0.6209411735808007,5,6
8tvs,1,4326,F,Duelburg,10,1619.0,0.5896451887934615,3,4
7mic,1,962,F,Narathil,11,2202.0,0.7491848541305832,3,4
9tx6,1,3127,F,Shield Barrow,12,2146.0,0.6778650624437712,5,5
a729,1,4706,F,Shield Barrow,10,780.0,0.25539835531650895,4,4
5hps,1,6081,F,Narathil,13,2271.0,0.6612289529348312,5,7
ak1c,1,2439,F,Duelburg,10,1418.0,0.4660123356005713,5,6
34ry,1,464,F,Duelburg,10,1480.0,0.581207449885465,5,9
3tfh,1,310,M,Shield Barrow,12,1832.0,0.5714168606437161,5,6
s1zz,1,17,M,Sugarbrook,10,1634.0,0.4814804601605446,2,2
l41m,1,16,F,Duelburg,10,1585.0,0.5842111932801081,5,6
psk8,1,13,M,Shield Barrow,13,1805.0,0.5775779864208637,4,6
vfj4,1,1011,M,Duelburg,11,1525.0,0.5049009174040527,5,7
91gz,1,362,F,Narathil,10,1470.0,0.528205196371782,4,4
lqna,4,41,M,Sugarbrook,15,2006.0,0.3959715423717273,7,12
s4cy,1,1414,F,Duelburg,12,2257.0,0.6585978334887471,5,8
a83o,1,4262,M,Duelburg,11,1873.0,0.601129177643914,5,6
vdcz,4,28,F,Greycliffs,13,1936.0,0.4422316309857398,7,8
3gpk,6,175,F,Shield Barrow,10,1765.0,0.5344826145273353,4,6
hgg6,4,21,M,Sugarbrook,14,1844.0,0.3527179279819874,4,7
iwzh,1,552,M,Narathil,12,1372.0,0.4513981846227311,5,6
mzz1,2,13,M,Threadbare,12,2034.0,0.4570514851883969,4,6
gks2,1,308,F,Duelburg,10,1297.0,0.4767819933676562,4,4
sbsk,1,292,M,Narathil,12,1990.0,0.613120895595102,5,7
ctpo,5,37,F,Soggy Hollow,10,752.0,0.2430861620212005,4,4
69sl,4,12,F,Jamshire,10,1294.0,0.3876350947645415,4,5
4byx,5,18,M,Dripwater Delta,10,1604.0,0.4701190811096653,7,8
uox1,1,859,M,Narathil,11,1938.0,0.6842592427272327,4,6
1968,4,53,M,Puddington,11,2592.0,0.7440985843300375,6,9
chwh,1,3059,F,Narathil,10,1392.0,0.5535443862190148,5,6
fdvd,4,30,M,Puddington,12,1745.0,0.4699504486527766,7,9
vwwj,1,11,F,Duelburg,10,1998.0,0.6813934978612959,4,4
lgjv,5,26,F,Toadstool Marshes,12,1949.0,0.47457576200365886,2,2
5xi8,5,10,F,Dripwater Delta,12,2068.0,0.5399344882927156,5,5
k1hb,1,1487,F,Narathil,10,1411.0,0.5722313262500347,5,6
9b4o,1,465,M,Duelburg,11,1774.0,0.56478573973201,2,2
pjs4,4,18,M,Sugarbrook,13,1843.0,0.38800880633655965,7,11
endx,1,2419,M,Duelburg,11,2149.0,0.7464529853689904,4,4
tuxa,5,16,M,Slurpington,12,2202.0,0.5647399154202312,7,7
l54z,1,1047,M,Narathil,11,2143.0,0.7235656051859266,4,4
chy5,1,998,F,Duelburg,11,1721.0,0.5824769107949231,3,4
wkuj,4,45,F,Sugarbrook,11,1649.0,0.4569182627290261,5,8
rfo5,1,4962,M,Shield Barrow,11,1913.0,0.6089503395411724,4,5
6iyz,4,22,M,Puddington,10,1504.0,0.4006178837995181,5,6
fcsk,1,4950,F,Duelburg,14,2122.0,0.5338019241195638,5,7
1q13,1,4559,M,Narathil,10,1214.0,0.46161646625046016,4,5
6sws,1,308,F,Narathil,10,1478.0,0.5500878785863214,4,6
ab7n,1,12,F,Shield Barrow,14,2247.0,0.5722189310282474,5,7
cgjj,1,628,M,Shield Barrow,11,1935.0,0.6945955754309353,5,7
b4ib,4,102,M,Puddington,11,1643.0,0.5638356059925191,5,7
citu,1,628,M,Narathil,10,1172.0,0.4326975472250746,2,2
rqu3,1,10,F,Duelburg,10,1412.0,0.5269020656814729,4,5
pjpb,1,4433,F,Duelburg,10,1756.0,0.6570049055048417,5,5
jeok,1,2475,F,Duelburg,10,1299.0,0.4835050874832211,4,4
fcp1,1,719,M,Shield Barrow,14,2444.0,0.6072500579233353,5,5
kgds,4,36,F,Sugarbrook,12,2547.0,0.6295295062481802,4,5
kewa,1,576,F,Shield Barrow,10,1369.0,0.47324729864111237,5,5
neod,4,154,M,Puddington,12,1374.0,0.39498415202527526,9,15
24ho,4,68,M,Greycliffs,12,2764.0,0.8076893717787046,9,19
hls4,1,3298,F,Shield Barrow,10,1715.0,0.6180078002428759,5,6
uqcv,5,12,F,Soggy Hollow,10,1425.0,0.41493691219530315,6,6
q9wg,4,196,F,Sugarbrook,14,2871.0,0.7425609327569639,6,9
iefl,1,542,F,Duelburg,10,1331.0,0.44315281848177024,5,6
hums,1,2286,M,Narathil,12,1739.0,0.5334280751709419,5,6
4qm4,1,376,M,Duelburg,10,1592.0,0.5455954750580616,4,4
974r,1,700,M,Duelburg,10,1373.0,0.5030877881409747,4,4
dbac,1,429,M,Narathil,11,1870.0,0.6296908212430486,5,7
tyx8,5,19,M,Slurpington,11,1595.0,0.46098205192301883,4,5
bw31,1,498,M,Narathil,11,1370.0,0.45983561695003156,3,3
c3ox,5,10,F,Slurpington,14,2373.0,0.49772531622629923,7,7
c81v,1,495,F,Duelburg,10,1570.0,0.6156536931143929,5,8
ocaj,5,15,M,Toadstool Marshes,10,1772.0,0.5142953244531279,6,7
82tn,1,2492,F,Narathil,12,1447.0,0.4464996737361209,5,6
pvhl,1,896,F,Narathil,11,1698.0,0.5459188745047583,4,5
594c,4,116,F,Greycliffs,12,2069.0,0.5869543830357131,5,5
xa7f,5,12,F,Toadstool Marshes,12,2134.0,0.5709116043763691,6,6
gveu,1,291,M,Narathil,10,1578.0,0.5475160653688425,4,5
gg2r,4,96,F,Puddington,12,1867.0,0.5556594150899921,9,15
p794,5,11,M,Dripwater Delta,10,1009.0,0.28725658690753725,3,3
yy48,4,62,F,Greycliffs,10,2319.0,0.6844629053111013,5,7
2uek,4,21,M,Puddington,10,746.0,0.22520912496040119,8,14
496e,1,915,F,Shield Barrow,13,1641.0,0.49580931886089163,5,6
dbbv,4,15,M,Puddington,12,1251.0,0.29211349706677264,6,7
6qsb,4,92,M,Greycliffs,11,2536.0,0.7011863288227915,5,8
687a,1,372,M,Shield Barrow,11,1482.0,0.4874201447115825,5,6
5eqn,1,692,F,Duelburg,14,1877.0,0.4844345846871002,5,5
2fv5,4,64,M,Jamshire,12,1384.0,0.3722149199289538,7,10
b236,1,15,F,Duelburg,11,1507.0,0.4791725222041592,3,3
6zss,4,66,F,Puddington,10,1573.0,0.5232451098679644,6,8
29ix,5,13,M,Toadstool Marshes,11,1968.0,0.5586581624677397,4,5
gj65,1,2005,F,Shield Barrow,10,1181.0,0.4492763392075756,3,3
185k,1,1008,F,Shield Barrow,11,1376.0,0.42691649229654605,5,6
i9uj,3,46,F,Greycliffs,10,1155.0,0.3385093975389684,6,11
k7na,1,1637,F,Shield Barrow,11,1230.0,0.3621076307459332,3,3
vubg,4,11,M,Knitwick,10,1143.0,0.3063099077634202,4,7
j9ra,1,13,M,Narathil,13,1508.0,0.4691854783712054,3,3
1afg,1,422,M,Shield Barrow,10,1607.0,0.5911241085016578,5,8
gary,4,36,M,Greycliffs,14,1154.0,0.22090890567611646,8,16
efa6,1,3034,F,Shield Barrow,11,2117.0,0.7427951829786049,2,2
4kwz,1,1135,M,Narathil,10,1359.0,0.45538821023181086,4,5
f7j1,1,401,M,Shield Barrow,11,1881.0,0.6610687806009855,5,5
zohe,1,1793,M,Narathil,12,1851.0,0.6073886330195064,3,4
emp9,1,1430,F,Shield Barrow,12,2252.0,0.6773937023325477,5,6
osqc,2,34,M,Knitwick,10,1707.0,0.4549149241865019,4,6
eapm,1,517,F,Duelburg,11,2140.0,0.7384603399497823,5,6
rpxx,1,1210,F,Shield Barrow,10,1050.0,0.398707755640927,5,8
xrkx,1,1763,M,Narathil,14,2402.0,0.6375985366264746,5,6
ebjn,1,13,M,Narathil,11,1418.0,0.4436760411851244,5,6
5w2w,2,63,F,Knitwick,10,1409.0,0.44751557572257317,4,7
r5ha,4,58,F,Sugarbrook,13,1566.0,0.37023580477396256,9,13
7gpt,1,502,F,Shield Barrow,11,1769.0,0.6176094745270078,5,7
lxea,1,13,F,Puddington,10,1233.0,0.35399042531041747,6,6
29lf,1,14,M,Narathil,10,1696.0,0.6214797563448842,5,7
j9hv,3,102,F,Puddington,10,1600.0,0.5092821720716794,9,15
n115,2,11,F,Threadbare,11,1166.0,0.279913601434481,4,7
67hg,2,36,M,Gnome's Rest,10,1502.0,0.4758272951886763,4,7
q9pg,4,107,F,Sugarbrook,12,1833.0,0.519294583574556,9,18
4n6n,1,345,M,Shield Barrow,10,1322.0,0.5264133062920605,4,4
ytms,1,2678,M,Shield Barrow,10,1612.0,0.5525436570597579,4,5
oete,1,562,M,Narathil,12,1803.0,0.549157748498564,4,4
s2hk,4,43,F,Muckminster,13,1767.0,0.4298829154773889,3,6
fplm,4,27,M,Jamshire,12,1315.0,0.33412396435276287,6,11
x645,4,38,M,Sugarbrook,10,1270.0,0.40665951707586184,8,13
oexf,4,17,F,Greycliffs,12,1540.0,0.38361414796382004,8,13
lpec,1,352,F,Shield Barrow,12,1982.0,0.5744938409493443,5,6
4xgo,5,13,F,Slurpington,10,1521.0,0.5132362143813053,5,5
14hw,1,252,F,Narathil,10,1224.0,0.4723328443145126,5,8
tn36,1,26,F,Narathil,11,1626.0,0.49440136727777584,5,7
xpda,5,10,M,Soggy Hollow,11,1666.0,0.45582295825727087,8,9
yzva,4,43,M,Puddington,11,1128.0,0.32004158502902075,6,10
q25x,3,32,F,Puddington,15,2448.0,0.48072396280930396,6,6
mqg1,1,508,M,Duelburg,11,1718.0,0.6083467989616695,4,4
j73k,4,12,F,Jamshire,10,1521.0,0.4275732835384865,6,8
zujc,1,559,M,Duelburg,11,1756.0,0.5368959421917073,3,4
petx,1,156,M,Duelburg,13,1659.0,0.4601196202784675,3,3
ajgg,1,899,F,Shield Barrow,10,1552.0,0.5254843659934822,4,4
j99b,4,29,M,Sugarbrook,10,1343.0,0.335765351007256,6,6
tpbu,1,700,M,Shield Barrow,11,1542.0,0.5343987056463327,5,6
ky9v,1,963,M,Narathil,10,1325.0,0.47705055431538107,4,5
fthu,4,102,F,Gelatina Grove,11,2037.0,0.586563316438192,3,6
xxiu,4,72,F,Sugarbrook,11,1524.0,0.4500012938385332,4,4
mc2e,1,580,F,Shield Barrow,10,1729.0,0.63391789117037,5,5
ifeq,5,13,F,Dripwater Delta,10,1326.0,0.3539344230921874,5,5
2it3,1,545,M,Narathil,10,1094.0,0.4054527862004548,2,2
7m1z,4,129,M,Sugarbrook,10,2033.0,0.6323897539891641,3,3
dqf2,4,22,M,Boggy Bottom,11,1204.0,0.34214926523585215,3,5
br3z,1,245,F,Duelburg,14,1889.0,0.512161381373918,4,5
ral5,4,98,F,Jamshire,12,2208.0,0.6039723191508175,6,7
97vj,1,11,F,Shield Barrow,12,1416.0,0.4341228977828539,4,5
26yf,2,205,M,Gnome's Rest,11,2080.0,0.6541768954881938,4,7
xylh,0,67,F,Toadstool Marshes,11,2008.0,0.5343501741305986,5,6
4seq,4,66,F,Greycliffs,12,1793.0,0.5445288801906149,7,13
mkqq,5,13,F,Dripwater Delta,11,1436.0,0.3591651189155411,7,9
71qh,1,17,F,Shield Barrow,10,1594.0,0.6014261095306098,4,5
pozr,4,114,M,Puddington,11,1891.0,0.5685062706545329,9,14
sw2f,1,63,M,Puddington,10,1791.0,0.5598987838594623,8,10
mkqu,1,602,M,Shield Barrow,11,1900.0,0.6203284120079139,5,8
vtv1,1,619,M,Shield Barrow,11,1175.0,0.4247297024870269,5,7
o5to,4,36,F,Gelatina Grove,11,1659.0,0.504369876488726,2,2
hvjr,4,113,M,Greycliffs,14,2690.0,0.7057931408040423,8,15
ul5i,4,84,M,Gelatina Grove,10,1673.0,0.5863079940439055,3,5
1xnu,1,2466,F,Shield Barrow,11,1212.0,0.38843029326934225,5,7
jrwg,1,3337,F,Narathil,11,1674.0,0.5382745976090129,4,4
wg1s,4,52,M,Greycliffs,13,2048.0,0.4903290738307596,9,12
azm7,3,56,F,Sugarbrook,11,2027.0,0.6290783577175266,6,9
hdud,4,22,M,Sugarbrook,11,1281.0,0.31759526561776447,3,3
246o,4,60,F,Greycliffs,11,1617.0,0.5113103268295419,7,10
6njc,1,1621,M,Duelburg,10,1879.0,0.6931161922707125,5,5
y84u,1,1469,F,Narathil,11,1722.0,0.5850461034635879,4,4
ivub,5,15,F,Soggy Hollow,10,1793.0,0.536548296290185,2,2
83su,5,30,F,Soggy Hollow,10,1470.0,0.4463387552932997,4,4
bz2g,4,11,M,Puddington,10,1772.0,0.45980143277839713,5,8
7vhm,1,721,F,Duelburg,11,1706.0,0.6290111458111005,5,7
yqrp,1,2394,M,Duelburg,10,1477.0,0.45547003110217005,5,7
p3qm,1,889,F,Shield Barrow,12,1634.0,0.4519230849284514,5,7
g8h7,1,1537,M,Shield Barrow,12,2177.0,0.6585141963315504,5,8
pqw6,4,82,M,Greycliffs,10,1724.0,0.5426554876683845,9,14
r5x7,1,272,M,Shield Barrow,10,1525.0,0.580501892270329,2,2
8jv3,4,14,F,Sugarbrook,10,1616.0,0.42562347287305113,3,3
by37,1,138,M,Narathil,14,2132.0,0.5374692974472198,5,6
uzby,6,162,F,Duelburg,11,1478.0,0.44486458339944684,4,5
ol76,6,36,NB,Shield Barrow,11,1464.0,0.44734985544389366,3,3
1pgr,1,1040,F,Shield Barrow,12,1558.0,0.4721143285160039,5,6
uu99,1,1053,M,Narathil,11,1286.0,0.44844654516671584,4,4
fk4h,4,32,F,Sugarbrook,12,1467.0,0.31726160947109205,7,14
ihnl,4,70,M,Greycliffs,11,1443.0,0.43047098620699226,5,8
6uof,4,41,M,Sugarbrook,10,1357.0,0.3891643745158656,7,10
glbq,1,2470,M,Shield Barrow,11,2041.0,0.6735583963762162,5,6
zjv7,4,30,M,Sugarbrook,10,1801.0,0.6115005104063904,7,10
t45x,2,29,F,Threadbare,11,1181.0,0.2579657735925301,4,6
qntz,1,1315,M,Duelburg,10,1478.0,0.48579177794864864,5,7
bwjz,1,2278,F,Narathil,12,1207.0,0.3609902472275697,4,6
m6cb,1,2760,M,Narathil,11,1958.0,0.6331445342156606,5,7
p2ip,4,13,M,Jamshire,11,1551.0,0.3656530349332744,8,11
4o5d,1,1638,M,Shield Barrow,10,1091.0,0.41441492764180926,4,4
zo3x,4,59,F,Greycliffs,12,1929.0,0.5003157611242391,9,16
oqgl,4,21,M,Puddington,11,1452.0,0.38735425925716827,1,1
o81g,4,23,F,Puddington,10,1084.0,0.2674977962878052,8,10
c5x5,1,1012,F,Narathil,12,1859.0,0.5484393898981602,5,8
2ede,1,2991,F,Duelburg,14,2090.0,0.5571521442099495,5,6
28h6,1,6925,F,Narathil,15,1590.0,0.3825478453276031,5,7
jba3,1,250,M,Shield Barrow,10,1399.0,0.4656911323238126,3,3
acly,4,50,M,Sugarbrook,10,1978.0,0.7073623393319216,7,9
rnq6,2,80,F,Gnome's Rest,10,1463.0,0.45537549698685975,4,6
f445,1,755,M,Shield Barrow,10,1593.0,0.5646521758119982,5,7
z2de,4,41,F,Greycliffs,10,1682.0,0.5513021349652727,7,12
wx8v,2,12,M,Threadbare,11,1556.0,0.31725628824914875,4,10
75pm,1,580,NB,Shield Barrow,11,1062.0,0.36564456758781017,5,5
63cx,2,16,M,Knitwick,15,1573.0,0.29653307318089933,4,5
2ux2,4,53,F,Sugarbrook,11,1085.0,0.3568388580267536,7,12
t12z,2,1626,NB,Threadbare,10,1585.0,0.47235743663784524,4,7
bwuz,4,48,F,Muckminster,12,1284.0,0.4098823032563203,3,6
cdia,1,413,F,Shield Barrow,10,1526.0,0.5798370132506222,4,7
l3ao,4,33,M,Jamshire,12,1144.0,0.3025790503167391,7,10
owe7,1,1086,M,Narathil,12,1702.0,0.585492182916617,5,8
fqi5,3,75,F,Sugarbrook,15,1963.0,0.44940751508883187,7,9
maay,2,11,M,Gnome's Rest,12,1266.0,0.2533277702129805,4,6
84mn,4,51,M,Sugarbrook,10,1140.0,0.3664414513515204,8,12
ex9t,2,44,M,Gnome's Rest,12,1857.0,0.49503360023697357,4,7
l7du,5,17,M,Soggy Hollow,10,1375.0,0.4650747969579531,8,9
l1bq,1,1230,F,Duelburg,12,2059.0,0.6139943148781986,5,6
x5fv,1,26,M,Narathil,12,1661.0,0.47564344071093645,5,7
aguh,4,26,F,Sugarbrook,11,1392.0,0.3853682290097092,5,6
wgw1,5,10,M,Toadstool Marshes,12,1711.0,0.40856422785374574,6,7
k1fn,4,20,M,Jamshire,12,1756.0,0.44158945286308354,4,8
7vly,1,704,F,Shield Barrow,10,1726.0,0.6658601441343951,3,3
bgk8,1,181,M,Narathil,11,1294.0,0.43235313886418325,2,2
5gpv,1,1338,F,Duelburg,12,1569.0,0.4458236326897859,5,8
agqe,1,1350,M,Narathil,10,1592.0,0.6146441359655743,5,6
j9xt,6,10,M,Shield Barrow,13,1658.0,0.3388725705831893,2,2
86rd,1,3012,M,Shield Barrow,12,1472.0,0.48778461786752386,2,2
u5l3,4,114,F,Puddington,10,1609.0,0.534436827523946,8,16
8rwo,4,95,F,Sugarbrook,10,1237.0,0.42533953978334554,7,13
csnd,1,920,M,Shield Barrow,11,1107.0,0.36738903864441214,4,6
8w7t,1,704,F,Duelburg,12,1625.0,0.4661370753401863,5,8
ep4q,1,489,F,Duelburg,11,1177.0,0.41179242037225305,5,6
s6ud,4,20,F,Jamshire,11,1163.0,0.3421545381903885,6,7
c5yx,1,1499,F,Duelburg,12,1743.0,0.5530323610852915,3,4
16eo,4,103,M,Jamshire,10,1864.0,0.6636930929949664,8,14
3x5v,5,10,M,Slurpington,11,1600.0,0.44828685691015413,8,10
krpb,1,109,M,Narathil,10,1490.0,0.42740401076743356,4,4
1r8y,4,149,M,Puddington,10,1144.0,0.3520042752955149,8,14
ez28,1,32,F,Greycliffs,11,1067.0,0.32027711559047645,7,9
59sw,1,2077,M,Narathil,11,1613.0,0.5460787658197556,5,6
yzt1,4,14,M,Puddington,10,1065.0,0.30693534735151806,5,8
7vfj,1,1524,M,Narathil,10,1445.0,0.5322259496639832,5,7
26e8,4,49,M,Puddington,11,1872.0,0.5729202244421165,8,13
qcfl,4,15,M,Boggy Bottom,16,2476.0,0.3837906192326697,2,2
i4t8,1,20,M,Sugarbrook,11,1708.0,0.4631986000842717,7,9
8m4z,4,92,F,Puddington,11,1725.0,0.5226218731053541,8,13
gyvz,4,15,M,Sugarbrook,10,1252.0,0.38008018350022243,7,9
b3hg,5,1450,F,Slurpington,10,1725.0,0.5744863768258084,6,6
vssq,4,70,M,Puddington,11,792.0,0.23353898304484313,8,17
s4bx,5,10,F,Soggy Hollow,10,1170.0,0.34234481873871,4,4
9xvd,4,15,NB,Muckminster,10,1458.0,0.40229034406394193,3,4
vf6k,1,902,M,Shield Barrow,12,1887.0,0.5784195545182471,5,7
6fav,2,63,M,Gnome's Rest,13,2178.0,0.6180582618926,4,6
dbls,1,736,M,Shield Barrow,10,1873.0,0.7259820369452736,4,5
be9g,5,11,F,Soggy Hollow,10,1606.0,0.48140143055367,2,2
53sr,1,535,F,Shield Barrow,10,1118.0,0.4102350372728852,5,8
ptcf,5,11,M,Soggy Hollow,10,1348.0,0.3976403028132605,5,5
tdwz,1,4476,F,Narathil,11,1454.0,0.5447880459949002,5,6
abxo,5,80,M,Slurpington,10,1397.0,0.39786703709331783,4,4
xwzn,4,21,F,Sugarbrook,14,1194.0,0.23835343322664912,8,11
vu4u,1,5416,M,Shield Barrow,12,1286.0,0.4004396693794699,5,6
vcig,1,850,M,Shield Barrow,12,1688.0,0.5050944906216435,5,5
pv1h,1,16,M,Duelburg,10,1129.0,0.4113641775028207,5,7
bcvg,1,29,NB,Narathil,11,1982.0,0.6619778970525064,5,7
6hxn,4,36,F,Sugarbrook,11,1182.0,0.37857086714330584,5,5
buus,1,13,F,Jamshire,10,1030.0,0.30470494093279976,2,2
1v5t,1,299,M,Shield Barrow,13,2269.0,0.7335772751557279,5,6
u1wt,4,74,F,Sugarbrook,10,1426.0,0.4774890026224366,7,8
lx16,4,69,M,Sugarbrook,11,1766.0,0.5864707817479369,5,8
yq4l,4,47,F,Jamshire,17,2190.0,0.43536832712034323,5,6
4vks,1,478,M,Shield Barrow,11,1649.0,0.5579699505644823,5,6
rs5k,5,14,F,Dripwater Delta,10,1434.0,0.45846534882481527,5,5
yyei,1,2045,F,Shield Barrow,13,1337.0,0.39485413395871316,5,8
4vba,4,12,M,Sugarbrook,10,1095.0,0.2876921528713144,5,9
2vzf,6,294,M,Shield Barrow,12,1503.0,0.40176701097478223,4,4
6fod,1,244,NB,Shield Barrow,11,1755.0,0.6278468036896464,4,4
5p9u,1,70,M,Sugarbrook,10,1332.0,0.44121219102763876,7,13
t5p9,4,51,F,Jamshire,10,1432.0,0.5192522072635141,4,5
s8kn,1,1375,M,Narathil,11,1531.0,0.5110415539740756,5,7
rfcf,5,61,M,Toadstool Marshes,12,1308.0,0.35069687917032066,5,5
24yr,4,277,F,Sugarbrook,13,1569.0,0.38122353361174116,4,4
97i7,1,340,F,Shield Barrow,13,1454.0,0.4371889035756925,4,5
zlr1,1,194,F,Narathil,10,965.0,0.36729704440408806,3,3
qoa7,4,13,F,Jamshire,13,1280.0,0.2771596282956414,1,1
r2pg,1,10,F,Narathil,10,1817.0,0.7237686765901914,4,4
yunq,1,573,F,Shield Barrow,11,1867.0,0.6906841356312818,5,6
r53u,4,82,F,Greycliffs,11,1707.0,0.5611193928418906,8,18
eqtl,1,450,F,Shield Barrow,10,1543.0,0.574237602328131,3,3
8a32,1,933,M,Narathil,11,1371.0,0.4701361390569179,5,9
xop2,4,61,M,Greycliffs,11,1498.0,0.4295082589407062,8,13
ej6f,1,14,F,Shield Barrow,10,1351.0,0.4783974186308141,5,6
fumj,1,431,F,Shield Barrow,10,1218.0,0.48848455726488593,5,8
kqb2,4,17,M,Puddington,13,1202.0,0.24587366619619427,4,5
ms5p,4,70,F,Sugarbrook,11,1586.0,0.5376643081159421,6,12
yire,1,898,M,Narathil,14,1740.0,0.49718724801917186,5,7
6a8k,1,2127,M,Narathil,12,1645.0,0.5030264156604917,3,3
djnt,4,20,F,Puddington,13,1276.0,0.31861484307484944,4,4
71vv,4,13,M,Puddington,10,1118.0,0.2853391629194329,3,4
dr6h,1,178,F,Narathil,10,1125.0,0.40800152533406353,4,6
7s3r,1,3708,M,Duelburg,10,1357.0,0.5053419055226152,4,4
xqdc,1,28,M,Sugarbrook,10,1656.0,0.5184598422908933,1,1
rkbj,1,24,M,Sugarbrook,12,1745.0,0.48431111924027465,1,1
ml8m,1,403,F,Shield Barrow,10,892.0,0.34349038490731404,2,2
polg,4,17,M,Sugarbrook,10,963.0,0.26602379721402014,5,5
9475,1,3101,NB,Shield Barrow,12,985.0,0.2813050058906237,5,6
z9gg,5,15,F,Slurpington,10,1107.0,0.3349318726233746,2,2
5mua,1,769,F,Duelburg,11,1536.0,0.5647035186946154,4,4
tzfb,4,41,F,Puddington,10,945.0,0.28427027831613494,8,10
gv7h,1,98,F,Duelburg,11,1502.0,0.48683680215931346,2,2
zp7c,4,18,M,Gelatina Grove,15,1532.0,0.3146371030458,3,3
nahc,1,338,F,Duelburg,11,1369.0,0.45346022199087527,5,6
br9h,1,181,M,Duelburg,11,1600.0,0.5263925597161531,5,6
lvjd,4,12,M,Sugarbrook,11,811.0,0.20337631014333105,5,6
ogtz,1,4980,M,Shield Barrow,10,784.0,0.3015515197420156,5,6
v2w8,4,19,M,Jamshire,12,1422.0,0.3243702436091254,5,8
vvl7,4,46,M,Greycliffs,12,1451.0,0.37635548363343285,7,8
rv23,1,1942,F,Duelburg,11,1211.0,0.39216264279811297,4,4
hx7z,1,698,F,Shield Barrow,12,1423.0,0.4857605071168585,5,8
avgd,4,22,F,Greycliffs,10,1226.0,0.27955817940648026,4,4
g8z3,1,12,F,Shield Barrow,10,1374.0,0.4572092984539742,5,6
ncon,1,19,M,Sugarbrook,10,1378.0,0.4630803171197885,2,2
4wmh,1,1945,F,Narathil,11,1533.0,0.5294383095896339,5,5
6eg2,1,961,F,Shield Barrow,10,1412.0,0.5274186429404473,5,6
t59c,1,2195,F,Duelburg,11,1748.0,0.5551838089614641,5,5
th3j,4,38,F,Boggy Bottom,11,1127.0,0.31154483167121005,3,4
3rpj,4,38,F,Greycliffs,10,1061.0,0.3166321208627424,6,7
kez2,1,9312,M,Narathil,10,1198.0,0.4670308449912127,4,4
9qjx,1,877,M,Shield Barrow,11,1409.0,0.4802984520207124,4,5
ikdu,4,59,F,Sugarbrook,10,1078.0,0.32828946969784123,7,10
3fcr,1,1357,M,Narathil,10,925.0,0.3545229248814301,2,2
8rhz,1,29,F,Shield Barrow,12,1291.0,0.32246699387207395,2,2
cq55,1,1249,M,Shield Barrow,11,1169.0,0.3844769220481334,4,5
6akj,4,33,M,Greycliffs,10,1552.0,0.4953528981267718,7,11
pbnx,4,11,M,Sugarbrook,10,844.0,0.2400732760058791,5,9
e8h5,4,80,M,Greycliffs,10,900.0,0.2999708368127221,7,12
tfqb,1,2372,F,Duelburg,11,1600.0,0.5643308863889833,5,7
14wv,1,3596,F,Narathil,10,1064.0,0.42114477901306574,5,6
oul6,1,477,F,Duelburg,11,1521.0,0.4895324083311271,1,1
gool,1,11,F,Duelburg,10,1364.0,0.4606499850985021,4,4
xlws,1,1181,M,Narathil,10,1315.0,0.5412618255202719,5,5
il3y,4,13,M,Sugarbrook,10,802.0,0.25187164664306744,6,11
41vx,5,14,M,Slurpington,10,1330.0,0.4129133268709303,6,6
kt34,1,1037,M,Narathil,10,699.0,0.2711576957787486,3,3
q99w,1,569,M,Narathil,12,1074.0,0.3412481426133498,5,6
mljz,1,706,M,Duelburg,11,1032.0,0.33804808055372987,5,6
jx7x,1,16,M,Shield Barrow,11,1325.0,0.462272640089337,1,1
ivsg,1,4222,F,Duelburg,12,1533.0,0.505785612150146,5,7
ztv3,4,173,F,Muckminster,10,1163.0,0.4231600560750496,3,5
kpgs,4,72,F,Boggy Bottom,11,1255.0,0.33508876250034975,3,7
xt9k,5,11,M,Soggy Hollow,10,1223.0,0.32721015669405296,8,8
h7fl,1,2203,F,Narathil,11,1408.0,0.4458828708052357,5,6
m4cg,1,704,F,Narathil,10,1112.0,0.4134781322534997,5,6
p8mc,1,1075,M,Shield Barrow,11,933.0,0.3230399288370834,5,6
2kgp,1,156,M,Duelburg,10,1323.0,0.5051682318841106,2,2
d4d6,1,14,NB,Greycliffs,10,1203.0,0.33280386493051517,2,3
sl6c,4,22,M,Jamshire,11,1131.0,0.28334263640465046,8,10
ffb7,1,255,M,Duelburg,11,1427.0,0.4617353348720286,5,7
1jpe,2,68,F,Gnome's Rest,13,1496.0,0.37313577154364225,4,6
skm4,4,25,F,Puddington,12,1224.0,0.2963155431874344,7,9
man9,1,2988,F,Narathil,10,1392.0,0.5793797763226848,5,8
emu6,4,12,M,Sugarbrook,11,820.0,0.22227537405092024,6,9
9zxw,1,769,M,Shield Barrow,13,1457.0,0.4409855359809359,4,5
cwf9,1,2964,F,Shield Barrow,10,999.0,0.37250268938431513,5,5
u6mf,4,23,F,Jamshire,11,867.0,0.20536738194773527,5,6
bmfe,4,274,F,Muckminster,10,1510.0,0.5677086838942631,3,4
cjig,4,130,M,Muckminster,10,1526.0,0.530839538649295,3,7
h68m,4,18,M,Sugarbrook,10,835.0,0.24630944076326747,3,4
6pml,4,14,M,Puddington,12,1263.0,0.2918879288554332,6,8
pvgg,1,643,M,Duelburg,10,990.0,0.35500218756801594,5,6
mdlx,1,843,F,Duelburg,14,1640.0,0.4517869602874109,4,4
p4cz,1,1219,F,Shield Barrow,10,1308.0,0.5138557893262412,5,8
ihg9,1,1363,F,Shield Barrow,12,1319.0,0.45527916191647916,5,7
pfdh,1,3330,M,Shield Barrow,10,1362.0,0.5434062411234175,5,6
61et,1,1504,M,Narathil,12,1383.0,0.39647832319860377,5,6
7uxk,1,3011,M,Shield Barrow,10,929.0,0.348883804770736,5,9
oyvm,5,11,M,Slurpington,10,1020.0,0.31084345053772994,4,4
uih7,1,2908,F,Shield Barrow,10,1324.0,0.5118635753753142,2,2
3k2i,4,118,M,Jamshire,11,933.0,0.2855558702672224,7,9
m3c3,4,18,M,Threadbare,10,1148.0,0.2649355062780162,2,2
pl27,6,262,F,Narathil,10,774.0,0.26511396363414824,5,7
5enc,1,1042,M,Narathil,10,1002.0,0.3846984495026647,5,6
5tff,1,22,F,Greycliffs,11,1300.0,0.36303998891015604,2,2
64fz,4,12,F,Jamshire,11,889.0,0.21517425158970135,4,4
dd24,1,1077,M,Narathil,11,1193.0,0.409039818965514,5,7
cls5,1,32,F,Narathil,11,821.0,0.27254536613730806,2,2
kwtb,5,52,F,Dripwater Delta,10,910.0,0.2798209336751911,5,5
wmrh,4,43,F,Sugarbrook,10,775.0,0.2244817025112686,8,14
wees,1,14,M,Sugarbrook,11,1183.0,0.311653242144231,2,3
ntxw,2,90,F,Gnome's Rest,10,925.0,0.31469243205261266,4,7
f2dv,1,14,F,Shield Barrow,11,766.0,0.2768392835952038,5,7
zvuv,1,1635,F,Duelburg,10,909.0,0.3534448457745726,5,5
c2mo,4,30,M,Sugarbrook,12,1222.0,0.31587387411627665,9,13
6rbz,1,17,NB,Sugarbrook,13,1154.0,0.21964799547390187,7,10
szf1,2,11,F,Threadbare,12,1237.0,0.27579753390996703,4,4
4ywv,4,15,F,Greycliffs,10,808.0,0.20256166734284436,4,6
9qgf,1,3319,F,Narathil,10,1028.0,0.403100222531681,5,6
lf8w,4,11,M,Threadbare,12,868.0,0.18227081305642404,4,4
oidm,1,1972,M,Shield Barrow,12,1023.0,0.3776721463508182,4,5
gdv8,1,774,F,Duelburg,10,903.0,0.32061233870888184,2,2
jpge,1,2031,M,Shield Barrow,11,941.0,0.3260883158509809,5,6
u4nu,4,16,F,Sugarbrook,12,778.0,0.1727391880277286,6,7
3wz8,4,25,M,Gelatina Grove,11,743.0,0.21750643686347812,3,7
hij2,1,399,M,Shield Barrow,10,579.0,0.19373750483282923,2,2
w8x8,4,13,M,Greycliffs,10,603.0,0.18352937556431315,5,9
xe4p,4,10,M,Sugarbrook,11,587.0,0.1629913670404179,5,9
