cluster,size,avg_views,avg_completion,avg_churns,avg_subs,avg_age
0,2273,0.0,0.0,1.8372195336559614,2.6964364276286847,418.8486581610207
1,5411,8.29051931251155,0.5465602407014171,3.2230641286268713,4.562003326557013,400.11735353908705
2,5911,4.022838775164947,0.4335597494485867,4.905938081542886,6.137540179326679,462.55388259177806
3,4629,2.9909267660401815,0.6638527292498323,1.6681788723266364,2.683949017066321,339.1708792395766
4,1259,15.333598093725179,0.5984818733569881,4.706910246227165,6.352660841938046,152.3034154090548
5,1226,8.605220228384992,0.49066262829039137,9.265089722675366,10.558727569331158,98.15823817292006
6,5061,2.5409998024105906,0.257749419944601,1.7111242837383915,2.671211223078443,457.16459197787
